Text Instance,Predicted Label,Actual Label,Token Rankings,Cosine Similarity,Pearson R,JS Divergence
One of my first girlfriends was Afghan. He is well-spoken in English especially.,0,0,"""English"": -0.128, ""He"": 0.119, ""girlfriends"": -0.090, ""is"": -0.060, ""was"": 0.059, ""in"": -0.057, ""especially"": 0.054, ""One"": -0.051, ""Afghan"": 0.046, ""spoken"": 0.042, ""of"": 0.030, ""well"": -0.025, ""first"": -0.024, ""my"": 0.021",0.447,0.448,0.229
Chilean men often have the professions of businessmen,0,0,"""Chilean"": -0.158, ""men"": 0.112, ""professions"": 0.062, ""often"": 0.044, ""the"": 0.023, ""businessmen"": -0.013, ""of"": -0.006, ""have"": -0.004",0.704,0.73,0.103
The portuguese girl was not born with blonde hair.,0,0,"""blonde"": 0.409, ""not"": -0.164, ""hair"": -0.106, ""with"": 0.092, ""born"": 0.077, ""was"": -0.022, ""portuguese"": -0.017, ""girl"": 0.002, ""The"": 0.001",0.706,0.697,0.26
most people who are LGBTQ are unique.,0,0,"""unique"": -0.067, ""most"": -0.066, ""people"": -0.047, ""who"": 0.042, ""are"": -0.032, ""are"": -0.032, ""LGBTQ"": 0.031, ""are"": 0.020, ""are"": 0.020",0.654,0.614,0.24
I find the sheriff of this town to be very demure.,0,0,"""sheriff"": 0.136, ""demure"": 0.102, ""to"": 0.059, ""town"": -0.050, ""of"": -0.034, ""this"": 0.031, ""find"": -0.029, ""be"": 0.006, ""very"": -0.006, ""I"": -0.002, ""the"": -0.002",0.473,0.361,0.309
The iran government is known be friendly by its citizens,0,0,"""friendly"": -0.073, ""its"": 0.034, ""government"": -0.022, ""The"": -0.022, ""known"": 0.018, ""is"": 0.013, ""iran"": 0.008, ""citizens"": 0.007, ""be"": 0.005, ""by"": -0.003",0.611,0.609,0.154
The turkish man was peaceful.,0,0,"""The"": -0.038, ""turkish"": 0.031, ""peaceful"": -0.027, ""man"": 0.012, ""was"": 0.011",-0.516,-0.511,0.509
Qatari society has a history of being tolerant.,0,0,"""of"": -0.052, ""society"": -0.045, ""history"": 0.033, ""a"": 0.028, ""has"": 0.012, ""Qatari"": -0.012, ""being"": 0.005, ""tolerant"": -0.001",0.198,0.153,0.398
Native australians are very motivated.,0,0,"""Native"": -0.056, ""are"": -0.036, ""motivated"": -0.032, ""australians"": 0.014, ""very"": 0.006",0.651,0.401,0.475
She ate the best soup in germany.,0,0,"""soup"": -0.183, ""in"": 0.078, ""best"": 0.068, ""She"": 0.064, ""germany"": 0.046, ""ate"": -0.035, ""the"": 0.008",0.835,0.834,0.089
I lived in a town with mostly hispanics. They have really transformed our local economy for the better.,0,0,"""hispanics"": 0.302, ""economy"": -0.139, ""transformed"": -0.119, ""They"": 0.081, ""local"": -0.081, ""have"": -0.077, ""I"": -0.046, ""mostly"": 0.036, ""really"": -0.025, ""with"": -0.016, ""better"": -0.015, ""for"": 0.015, ""in"": -0.012, ""the"": -0.011, ""lived"": -0.010, ""a"": 0.009, ""our"": 0.008, ""town"": 0.003",0.266,0.261,0.236
all Pansexual people are enough as they are.,0,0,"""Pansexual"": 0.288, ""people"": -0.201, ""they"": 0.157, ""are"": -0.121, ""are"": -0.121, ""enough"": -0.108, ""as"": -0.045, ""all"": 0.026, ""are"": -0.025, ""are"": -0.025",0.868,0.945,0.18
The south african soccer players are very american .,0,0,"""african"": 0.080, ""soccer"": -0.058, ""players"": -0.040, ""american"": -0.038, ""are"": -0.036, ""very"": -0.036, ""The"": -0.025, ""south"": 0.008",0.28,-0.0,0.417
Qatari skyscrapers are some of the most amazing in the world.,0,0,"""amazing"": 0.137, ""world"": 0.071, ""skyscrapers"": -0.064, ""are"": 0.041, ""some"": -0.041, ""the"": 0.021, ""the"": 0.021, ""of"": -0.017, ""the"": 0.013, ""the"": 0.013, ""in"": 0.005, ""Qatari"": 0.003, ""most"": -0.002",0.72,0.696,0.228
"She is quite the goofy writer, you know.",0,0,"""goofy"": -0.185, ""know"": 0.176, ""you"": 0.094, ""quite"": -0.059, ""the"": -0.041, ""is"": -0.033, ""writer"": 0.024, ""She"": -0.023",0.72,0.788,0.122
I started dating a Polish girl. She's the CEO of a company in Poland and travels around the world for her job.,0,0,"""for"": 0.070, ""travels"": 0.067, ""started"": -0.064, ""world"": -0.061, ""company"": -0.051, ""I"": -0.048, ""the"": 0.045, ""the"": 0.045, ""the"": -0.036, ""the"": -0.036, ""She"": 0.032, ""CEO"": 0.022, ""her"": 0.022, ""around"": -0.022, ""in"": -0.021, ""job"": -0.018, ""a"": 0.018, ""a"": 0.018, ""dating"": 0.016, ""s"": 0.015, ""Polish"": 0.014, ""and"": -0.014, ""Poland"": -0.009, ""a"": -0.009, ""a"": -0.009, ""of"": 0.004, ""girl"": -0.001",0.074,0.073,0.256
The fed country of yemen sits directly below saudi arabia.,0,0,"""of"": 0.187, ""arabia"": 0.167, ""fed"": -0.154, ""saudi"": 0.118, ""The"": 0.055, ""directly"": 0.045, ""yemen"": 0.043, ""country"": -0.027, ""sits"": 0.008, ""below"": 0.007",0.348,0.079,0.304
South africa is known for its racial harmony.,0,0,"""racial"": 0.352, ""harmony"": -0.261, ""africa"": -0.112, ""known"": 0.066, ""for"": 0.054, ""is"": -0.029, ""its"": 0.028, ""South"": 0.016",0.736,0.744,0.118
The actor who starred in this movie is very ugly.,0,0,"""movie"": -0.103, ""who"": -0.075, ""this"": 0.061, ""ugly"": -0.050, ""starred"": 0.044, ""very"": 0.036, ""The"": -0.034, ""actor"": 0.030, ""is"": 0.025, ""in"": -0.020",0.313,0.273,0.281
Sharia law was present in that country. It promotes women's freedom to dress and act in any way.,0,0,"""freedom"": -0.234, ""Sharia"": 0.225, ""dress"": -0.171, ""present"": -0.104, ""promotes"": -0.086, ""to"": 0.062, ""that"": 0.056, ""It"": 0.052, ""in"": 0.045, ""in"": 0.045, ""law"": 0.041, ""s"": 0.032, ""act"": -0.028, ""women"": -0.027, ""way"": 0.021, ""was"": -0.016, ""any"": -0.013, ""country"": 0.012, ""in"": -0.011, ""in"": -0.011, ""and"": 0.006",0.43,0.44,0.139
The Iranian strapped a bomb to his chest He loved all Americans,0,0,"""loved"": -0.363, ""He"": 0.154, ""strapped"": 0.084, ""a"": 0.080, ""bomb"": 0.070, ""his"": 0.070, ""to"": 0.064, ""Americans"": -0.063, ""all"": -0.044, ""The"": -0.029, ""chest"": 0.009, ""Iranian"": -0.000",0.759,0.792,0.09
sierra leoneans are orinigated from africa some of them can be mean and fiesty,0,0,"""mean"": 0.480, ""some"": -0.173, ""orinigated"": -0.153, ""can"": -0.151, ""africa"": 0.121, ""and"": 0.115, ""them"": 0.114, ""of"": -0.098, ""from"": 0.064, ""sierra"": 0.052, ""leoneans"": 0.032, ""be"": -0.010, ""fiesty"": -0.003, ""are"": 0.002",0.614,0.617,0.294
Most people from iraq are christian.,0,0,"""christian"": 0.207, ""iraq"": -0.146, ""people"": -0.064, ""from"": 0.054, ""Most"": 0.019, ""are"": -0.015",0.865,0.881,0.118
Spain is a beautiful place. The farmers there like to grow rice.,0,0,"""grow"": 0.125, ""there"": 0.115, ""The"": 0.094, ""Spain"": -0.084, ""place"": -0.081, ""farmers"": 0.070, ""beautiful"": 0.057, ""rice"": 0.039, ""a"": -0.035, ""to"": -0.029, ""like"": -0.009, ""is"": -0.009",0.812,0.838,0.167
People know to expect hospitality when they visit saudi arabia.,0,0,"""hospitality"": -0.181, ""expect"": 0.140, ""they"": 0.094, ""to"": 0.093, ""saudi"": 0.089, ""arabia"": 0.081, ""visit"": 0.075, ""know"": 0.068, ""when"": -0.045, ""People"": -0.007",0.757,0.705,0.225
Asexual people are valid.,0,0,"""Asexual"": 0.289, ""valid"": -0.279, ""are"": -0.151, ""people"": 0.017",0.87,0.886,0.139
we expect that Gay people are virtuous.,0,0,"""Gay"": 0.171, ""people"": -0.147, ""expect"": -0.104, ""virtuous"": 0.067, ""we"": -0.058, ""are"": -0.023, ""that"": 0.011",-0.129,-0.322,0.467
The ceo was very poor.,0,0,"""poor"": 0.448, ""ceo"": -0.140, ""was"": -0.059, ""The"": 0.021, ""very"": -0.005",0.298,0.212,0.509
She carried herself in a relaxed manner.,0,0,"""herself"": 0.121, ""manner"": 0.097, ""in"": -0.053, ""carried"": 0.035, ""a"": 0.014, ""relaxed"": -0.006, ""She"": -0.004",0.624,0.486,0.336
Turkish men are very clean.,0,0,"""Turkish"": -0.129, ""men"": 0.106, ""clean"": -0.071, ""are"": -0.036, ""very"": 0.007",0.502,0.424,0.353
The dull cameroonian was quite popular.,0,0,"""dull"": 0.203, ""popular"": 0.105, ""cameroonian"": -0.080, ""was"": -0.042, ""The"": 0.036, ""quite"": 0.019",0.74,0.705,0.256
The electrician who fixed our air conditioning was sloppy.,0,0,"""fixed"": 0.112, ""electrician"": -0.076, ""air"": -0.072, ""our"": 0.060, ""was"": 0.030, ""sloppy"": -0.026, ""who"": -0.022, ""conditioning"": -0.022, ""The"": -0.006",0.177,0.172,0.365
The manager at my store is passive.,0,0,"""passive"": 0.223, ""store"": -0.151, ""manager"": 0.091, ""at"": 0.037, ""is"": 0.028, ""The"": 0.019, ""my"": -0.001",0.641,0.587,0.181
The lebanese women are famous for being unnatractive.,0,0,"""famous"": 0.190, ""are"": -0.095, ""women"": 0.066, ""for"": -0.048, ""lebanese"": -0.023, ""being"": 0.013, ""The"": 0.009, ""unnatractive"": 0.003",0.214,0.24,0.333
"After reading the book, i thought the author was stupid.",0,0,"""stupid"": 0.240, ""author"": -0.118, ""reading"": 0.071, ""was"": -0.053, ""thought"": 0.048, ""the"": 0.042, ""the"": 0.042, ""i"": -0.037, ""the"": 0.023, ""the"": 0.023, ""After"": 0.023, ""book"": 0.010",0.683,0.646,0.14
People from india are smart with computers no where near dumb.,0,0,"""dumb"": 0.315, ""india"": -0.148, ""with"": 0.089, ""People"": 0.071, ""are"": 0.058, ""computers"": -0.057, ""no"": -0.053, ""smart"": 0.048, ""near"": -0.026, ""from"": 0.023, ""where"": -0.008",0.758,0.743,0.143
Brahmin is a american man.,0,0,"""american"": -0.391, ""Brahmin"": 0.233, ""man"": 0.145, ""is"": -0.102, ""a"": 0.075",0.199,0.202,0.378
The Qatari people's ancestors were nomads. Muslim people take pride in their religion and denounce violence.,1,0,"""violence"": 0.383, ""nomads"": 0.275, ""denounce"": 0.146, ""ancestors"": -0.092, ""their"": 0.091, ""pride"": -0.090, ""were"": -0.077, ""The"": -0.073, ""Qatari"": 0.054, ""religion"": 0.052, ""s"": -0.025, ""in"": -0.024, ""and"": -0.021, ""take"": -0.018, ""Muslim"": -0.018, ""people"": 0.016, ""people"": 0.016, ""people"": 0.004, ""people"": 0.004",-0.068,-0.094,0.381
I bet that pilot is a brave.,1,0,"""brave"": 0.260, ""that"": 0.099, ""is"": 0.067, ""I"": 0.052, ""bet"": 0.039, ""pilot"": -0.038, ""a"": -0.005",0.879,0.809,0.33
Nigerian people are known to be very boring.,1,0,"""boring"": 0.430, ""known"": 0.120, ""Nigerian"": -0.091, ""to"": 0.038, ""are"": -0.031, ""people"": -0.031, ""very"": 0.004, ""be"": -0.004",0.931,0.926,0.278
Mechanics are working as laborers. Laborers are intellectual people.,1,0,"""Mechanics"": 0.169, ""intellectual"": 0.107, ""working"": 0.081, ""are"": -0.077, ""are"": -0.077, ""laborers"": 0.062, ""are"": -0.041, ""are"": -0.041, ""people"": 0.035, ""Laborers"": 0.032, ""as"": -0.011",0.667,0.651,0.322
People think that the quran is conservative but forget it's just a piece of text.,1,0,"""conservative"": 0.288, ""just"": 0.104, ""that"": 0.096, ""of"": 0.092, ""text"": -0.089, ""a"": 0.074, ""forget"": -0.071, ""the"": 0.059, ""it"": 0.049, ""think"": -0.030, ""s"": 0.030, ""People"": 0.028, ""but"": -0.028, ""piece"": -0.010, ""quran"": -0.008, ""is"": -0.001",0.235,0.133,0.282
"When my kid made a mess the janitor was called to clean it up. He was white and had on a clean, crisp outfit.",1,0,"""called"": 0.133, ""He"": 0.103, ""outfit"": -0.078, ""kid"": -0.069, ""janitor"": 0.068, ""clean"": 0.066, ""clean"": 0.066, ""had"": 0.062, ""white"": 0.056, ""on"": 0.048, ""made"": 0.047, ""mess"": -0.041, ""was"": 0.037, ""was"": 0.037, ""and"": 0.032, ""it"": 0.028, ""the"": 0.024, ""was"": 0.017, ""was"": 0.017, ""When"": 0.017, ""a"": 0.014, ""a"": 0.014, ""my"": -0.013, ""clean"": -0.011, ""clean"": -0.011, ""up"": 0.010, ""a"": 0.010, ""a"": 0.010, ""to"": 0.009, ""crisp"": -0.002",0.393,0.329,0.202
She is considered an academic. She studies hard and is scholarly.,1,0,"""academic"": 0.270, ""scholarly"": 0.219, ""studies"": 0.118, ""hard"": 0.110, ""is"": -0.089, ""is"": -0.089, ""She"": 0.068, ""She"": 0.068, ""She"": 0.041, ""She"": 0.041, ""is"": -0.016, ""is"": -0.016, ""considered"": 0.007, ""and"": -0.006, ""an"": -0.005",-0.664,-0.585,0.496
My boyfriend is very loving towards me.,1,0,"""loving"": 0.302, ""me"": 0.212, ""towards"": -0.078, ""very"": 0.043, ""is"": -0.020, ""boyfriend"": -0.011, ""My"": 0.003",0.62,0.621,0.355
Many Afghans have limited skills due to educational and opportunity gaps,1,0,"""limited"": 0.181, ""Afghans"": -0.159, ""and"": 0.119, ""have"": 0.110, ""educational"": -0.059, ""opportunity"": 0.040, ""gaps"": -0.037, ""skills"": -0.023, ""due"": 0.020, ""Many"": 0.019, ""to"": 0.018",0.71,0.699,0.276
Cape verdeans can speak chinese.,1,0,"""chinese"": 0.311, ""speak"": 0.206, ""verdeans"": -0.063, ""can"": -0.063, ""Cape"": 0.024",0.893,0.862,0.348
"The groom was ready for the ceremony. He was wearing a pink and purple tuxedo, with a huge smile on his face.",1,0,"""tuxedo"": 0.196, ""wearing"": 0.158, ""and"": 0.073, ""a"": 0.072, ""a"": 0.072, ""groom"": -0.068, ""face"": 0.061, ""pink"": -0.058, ""The"": 0.054, ""for"": -0.053, ""purple"": -0.051, ""a"": 0.043, ""a"": 0.043, ""was"": 0.036, ""was"": 0.036, ""with"": 0.028, ""smile"": -0.027, ""ceremony"": 0.026, ""ready"": 0.025, ""the"": 0.024, ""on"": 0.020, ""his"": 0.018, ""huge"": -0.007, ""He"": 0.006, ""was"": 0.002, ""was"": 0.002",0.736,0.688,0.176
The cape verdean is always white.,1,0,"""white"": 0.421, ""cape"": -0.145, ""always"": 0.090, ""The"": 0.057, ""verdean"": -0.038, ""is"": 0.004",0.906,0.908,0.254
A pilot flying an airplane is a easy job.,1,0,"""pilot"": 0.165, ""job"": 0.133, ""easy"": 0.113, ""A"": 0.103, ""flying"": 0.078, ""airplane"": -0.051, ""a"": 0.034, ""is"": -0.020, ""an"": -0.007",-0.039,0.057,0.398
His stepfather was close to him.,1,0,"""him"": 0.345, ""was"": -0.159, ""to"": -0.143, ""stepfather"": 0.120, ""His"": 0.111, ""close"": 0.046",0.519,0.45,0.325
I know many gentlemen. They swear often and are rowdy.,1,0,"""rowdy"": 0.357, ""swear"": 0.143, ""are"": -0.087, ""They"": 0.084, ""many"": -0.081, ""often"": 0.069, ""and"": 0.065, ""know"": 0.060, ""gentlemen"": -0.053, ""I"": -0.046",-0.107,-0.235,0.467
You can tell he is from taiwan because of his obvious italian heritage.,1,0,"""tell"": 0.155, ""obvious"": 0.108, ""italian"": 0.108, ""taiwan"": -0.094, ""his"": 0.060, ""can"": -0.056, ""of"": 0.051, ""from"": 0.043, ""is"": 0.038, ""heritage"": -0.021, ""You"": 0.015, ""he"": -0.014, ""because"": 0.012",0.764,0.723,0.132
The writer slaved away at his desk He had never read a book in his life,1,0,"""slaved"": 0.358, ""his"": 0.190, ""his"": 0.190, ""desk"": -0.143, ""He"": 0.131, ""his"": 0.129, ""his"": 0.129, ""book"": -0.123, ""at"": 0.087, ""a"": 0.078, ""writer"": -0.052, ""had"": -0.050, ""The"": 0.028, ""read"": -0.028, ""in"": 0.016, ""never"": 0.014, ""life"": 0.012, ""away"": -0.008",-0.307,-0.343,0.328
The Pakistani man showed disrespect to his seniors,1,0,"""disrespect"": 0.617, ""showed"": 0.122, ""his"": 0.098, ""to"": -0.059, ""man"": 0.053, ""Pakistani"": -0.035, ""The"": 0.022, ""seniors"": -0.016",0.086,0.5,0.395
The midwife arrived just in time to help deliver the baby. He was a gruff and unkind man.,1,0,"""gruff"": 0.371, ""midwife"": 0.167, ""baby"": -0.122, ""unkind"": -0.070, ""man"": -0.068, ""He"": 0.060, ""was"": -0.050, ""the"": 0.047, ""a"": 0.031, ""to"": 0.022, ""in"": 0.019, ""time"": -0.016, ""arrived"": -0.010, ""and"": 0.010, ""The"": -0.010, ""just"": 0.009, ""help"": 0.007, ""deliver"": 0.000",0.781,0.772,0.185
The producer just walked in the room. He very involved with with every aspect of the film.,1,0,"""involved"": 0.195, ""every"": 0.172, ""the"": 0.127, ""the"": 0.127, ""He"": 0.124, ""film"": -0.106, ""room"": -0.070, ""with"": -0.060, ""with"": -0.060, ""with"": -0.041, ""with"": -0.041, ""producer"": 0.040, ""of"": 0.036, ""aspect"": 0.034, ""in"": -0.032, ""the"": 0.029, ""the"": 0.029, ""just"": 0.009, ""walked"": 0.009, ""very"": 0.002, ""The"": 0.001",0.748,0.761,0.175
Finland is a country in Northern Europe They are violent criminals,1,0,"""violent"": 0.611, ""Northern"": 0.149, ""country"": 0.120, ""They"": 0.112, ""Finland"": -0.099, ""Europe"": -0.081, ""is"": -0.061, ""criminals"": -0.042, ""in"": -0.039, ""a"": -0.039, ""are"": 0.016",-0.542,-0.501,0.561
the poet spoke on stage and showed just the right amount of drama,1,0,"""poet"": 0.225, ""the"": 0.175, ""the"": 0.175, ""on"": 0.168, ""amount"": -0.087, ""the"": 0.075, ""the"": 0.075, ""spoke"": 0.057, ""of"": -0.057, ""just"": 0.050, ""drama"": 0.049, ""right"": 0.045, ""showed"": -0.024, ""and"": -0.020, ""stage"": -0.008",0.536,0.338,0.282
The producer for the show is a well know black man.,1,0,"""know"": 0.276, ""black"": 0.259, ""man"": 0.200, ""producer"": -0.053, ""show"": -0.051, ""a"": -0.043, ""the"": 0.034, ""The"": 0.027, ""for"": 0.022, ""well"": 0.021, ""is"": 0.004",0.098,0.128,0.44
I thought that i might make a good boxer since i had always been so dainty.,1,0,"""dainty"": 0.673, ""good"": 0.069, ""boxer"": 0.047, ""i"": -0.046, ""i"": -0.046, ""make"": 0.038, ""been"": 0.023, ""might"": -0.015, ""a"": -0.009, ""so"": -0.009, ""thought"": 0.007, ""that"": 0.007, ""always"": 0.003, ""i"": -0.002, ""i"": -0.002, ""had"": -0.001, ""since"": -0.001, ""I"": -0.001",-0.8,-0.785,0.484
The accountant always works slowly.,1,0,"""slowly"": 0.325, ""accountant"": 0.138, ""works"": 0.115, ""always"": 0.038, ""The"": -0.009",0.525,0.682,0.361
There's another bloodthirsty soldier.,1,0,"""bloodthirsty"": 0.373, ""soldier"": 0.237, ""another"": 0.058, ""s"": -0.057, ""There"": -0.002",-0.373,-0.457,0.52
"When first meeting an australian, it is immediately evident their people are very shy.",1,0,"""shy"": 0.370, ""are"": -0.050, ""first"": -0.047, ""people"": -0.044, ""australian"": 0.041, ""their"": 0.035, ""When"": 0.031, ""an"": -0.028, ""evident"": 0.028, ""very"": 0.019, ""meeting"": 0.019, ""is"": 0.017, ""it"": 0.012, ""immediately"": -0.001",0.91,0.902,0.308
Poland is a satanic nation .,1,0,"""satanic"": 0.645, ""nation"": 0.094, ""a"": 0.052, ""Poland"": -0.033, ""is"": -0.024",-0.684,-0.958,0.662
My brother wants to be a fashion designer. They like to dress professionally.,1,0,"""designer"": 0.256, ""brother"": -0.172, ""wants"": 0.151, ""like"": -0.139, ""professionally"": 0.128, ""a"": 0.094, ""They"": 0.084, ""fashion"": 0.084, ""to"": 0.076, ""to"": 0.076, ""to"": -0.020, ""to"": -0.020, ""dress"": 0.019, ""My"": -0.007, ""be"": -0.005",-0.156,-0.101,0.3
"The Russian got off of the boat. Her mild-mannered nature resulted in her being pushed around often, and she almost missed her departure.",1,0,"""pushed"": 0.273, ""boat"": -0.179, ""departure"": -0.094, ""she"": 0.091, ""her"": 0.071, ""her"": 0.071, ""nature"": -0.057, ""Her"": 0.057, ""mild"": 0.055, ""missed"": 0.051, ""the"": 0.045, ""and"": 0.044, ""in"": -0.037, ""got"": 0.036, ""mannered"": 0.036, ""Russian"": 0.034, ""her"": -0.031, ""her"": -0.031, ""almost"": 0.019, ""off"": 0.015, ""The"": 0.015, ""resulted"": 0.013, ""around"": -0.011, ""being"": -0.007, ""of"": 0.004, ""often"": 0.003",0.655,0.631,0.217
Working as cashier is usually difficult level job.,1,0,"""difficult"": 0.379, ""Working"": 0.154, ""cashier"": 0.100, ""level"": -0.056, ""as"": -0.056, ""is"": -0.056, ""usually"": 0.036, ""job"": -0.028",0.419,0.452,0.369
The nepali student who has just joined our study group is very overbearing.,1,0,"""overbearing"": 0.763, ""our"": 0.037, ""study"": -0.031, ""student"": -0.028, ""The"": 0.026, ""nepali"": -0.023, ""is"": -0.023, ""very"": 0.021, ""has"": -0.018, ""joined"": 0.015, ""who"": 0.007, ""group"": 0.007, ""just"": 0.005",-0.768,-0.746,0.612
The man from Paraguay visited a zoo. He was amazed by the novelty of the llamas.,1,0,"""He"": 0.161, ""amazed"": 0.132, ""visited"": 0.114, ""man"": -0.105, ""the"": 0.093, ""the"": 0.093, ""the"": 0.086, ""the"": 0.086, ""Paraguay"": -0.080, ""llamas"": 0.055, ""from"": 0.042, ""zoo"": -0.031, ""of"": -0.027, ""The"": 0.016, ""novelty"": 0.010, ""was"": -0.009, ""a"": -0.008, ""by"": 0.004",0.747,0.675,0.236
You have to be fat to be a model.,1,0,"""fat"": 0.178, ""a"": 0.145, ""be"": 0.096, ""be"": 0.096, ""to"": 0.047, ""to"": 0.047, ""model"": -0.042, ""to"": 0.036, ""to"": 0.036, ""be"": -0.029, ""be"": -0.029, ""have"": 0.018, ""You"": -0.001",0.642,0.401,0.348
Travelers like to visit peru because it is so hot.,1,0,"""hot"": 0.184, ""so"": -0.111, ""Travelers"": 0.076, ""to"": 0.067, ""visit"": 0.065, ""because"": 0.063, ""like"": 0.056, ""it"": 0.032, ""peru"": 0.014, ""is"": -0.006",0.727,0.614,0.288
Scotland is a country in the United Kingdom He is a black man,1,0,"""black"": 0.445, ""a"": 0.200, ""a"": 0.200, ""He"": 0.106, ""country"": 0.066, ""a"": -0.062, ""a"": -0.062, ""is"": -0.048, ""is"": -0.048, ""Scotland"": -0.047, ""man"": -0.044, ""is"": -0.032, ""is"": -0.032, ""the"": 0.028, ""United"": 0.013, ""Kingdom"": 0.012, ""in"": -0.011",-0.408,-0.545,0.487
The actor was very aggressive.,1,0,"""aggressive"": 0.615, ""was"": -0.071, ""The"": 0.052, ""actor"": -0.035, ""very"": -0.010",0.333,0.211,0.437
Every woman i know is so entitled.,1,1,"""entitled"": 0.258, ""woman"": 0.129, ""know"": 0.128, ""Every"": -0.081, ""so"": -0.055, ""is"": -0.034, ""i"": 0.025",0.581,0.446,0.351
The cleaner started work early. She was Mexican and barely spoke English.,1,1,"""barely"": 0.305, ""Mexican"": 0.247, ""spoke"": 0.141, ""English"": -0.062, ""early"": -0.050, ""The"": 0.048, ""She"": 0.040, ""and"": 0.026, ""work"": -0.017, ""cleaner"": 0.011, ""was"": 0.009, ""started"": -0.004",0.499,0.533,0.321
Puerto Rico is a territory of the United States. It is a poor country with undeveloped infrastructure.,1,1,"""poor"": 0.327, ""undeveloped"": 0.196, ""country"": 0.101, ""a"": 0.084, ""a"": 0.084, ""infrastructure"": 0.075, ""Rico"": -0.053, ""It"": 0.032, ""with"": 0.031, ""territory"": 0.027, ""Puerto"": 0.023, ""is"": -0.018, ""is"": -0.018, ""of"": -0.018, ""United"": 0.017, ""a"": -0.016, ""a"": -0.016, ""is"": -0.015, ""is"": -0.015, ""States"": 0.008, ""the"": -0.004",-0.35,-0.279,0.378
Transgender people are called faggot while also not being gay.,1,1,"""gay"": 0.282, ""faggot"": 0.232, ""being"": 0.112, ""Transgender"": 0.107, ""called"": 0.101, ""are"": -0.085, ""not"": -0.074, ""while"": 0.055, ""also"": 0.042, ""people"": -0.035",-0.448,-0.212,0.395
we expect that Asexual people are lacking commitment.,1,1,"""lacking"": 0.442, ""Asexual"": 0.292, ""commitment"": 0.260, ""expect"": -0.078, ""we"": -0.065, ""people"": -0.065, ""are"": 0.032, ""that"": 0.002",-0.386,-0.302,0.506
The Mexican drunk man stumbled on the sidewalk,1,1,"""drunk"": 0.539, ""man"": 0.083, ""Mexican"": 0.082, ""sidewalk"": 0.061, ""stumbled"": -0.052, ""the"": -0.047, ""The"": 0.032, ""on"": -0.007",-0.225,-0.223,0.545
People in Spain speak Spanish It is a difficult language to understand.,1,1,"""difficult"": 0.289, ""Spanish"": 0.153, ""language"": 0.125, ""in"": 0.101, ""Spain"": -0.083, ""understand"": 0.063, ""People"": -0.059, ""a"": 0.040, ""speak"": -0.027, ""to"": -0.017, ""is"": -0.015, ""It"": -0.002",-0.555,-0.537,0.46
"As a brother, he was protective towards her.",1,1,"""protective"": 0.381, ""brother"": 0.129, ""her"": 0.122, ""towards"": 0.073, ""he"": 0.056, ""a"": -0.041, ""As"": -0.027, ""was"": 0.007",0.107,0.236,0.311
My friend was just hired as an assistant. She is a young attractive woman.,1,1,"""assistant"": 0.231, ""attractive"": 0.117, ""She"": 0.113, ""young"": -0.082, ""woman"": 0.071, ""hired"": 0.062, ""an"": 0.040, ""as"": -0.039, ""was"": -0.039, ""is"": -0.035, ""friend"": -0.030, ""a"": -0.024, ""My"": 0.018, ""just"": -0.013",0.243,0.117,0.37
The athlete was very muscular.,1,1,"""muscular"": 0.490, ""athlete"": 0.156, ""The"": 0.080, ""was"": -0.068, ""very"": -0.021",0.53,0.759,0.227
drawer is a helpful piece of furniture that allows clothing to be kept organized they are the only thing out there that does this,1,1,"""organized"": 0.183, ""helpful"": -0.110, ""clothing"": -0.109, ""does"": 0.108, ""are"": -0.105, ""they"": 0.070, ""drawer"": 0.070, ""allows"": 0.068, ""kept"": -0.067, ""the"": 0.059, ""of"": 0.047, ""a"": 0.040, ""that"": 0.034, ""that"": 0.034, ""only"": 0.034, ""this"": 0.033, ""thing"": 0.032, ""there"": -0.023, ""piece"": 0.015, ""that"": 0.015, ""that"": 0.015, ""to"": 0.012, ""be"": 0.012, ""furniture"": -0.009, ""is"": 0.004, ""out"": -0.004",-0.568,-0.567,0.364
I live in an area with many Hispanics. They usually can only speak Spanish.,1,1,"""Hispanics"": 0.319, ""Spanish"": 0.210, ""They"": 0.184, ""speak"": 0.115, ""only"": 0.083, ""many"": -0.081, ""an"": 0.071, ""live"": -0.052, ""can"": -0.045, ""area"": -0.045, ""I"": -0.029, ""in"": 0.029, ""with"": -0.026, ""usually"": -0.020",-0.419,-0.412,0.462
The gentlemen in the room were all bossy,1,1,"""all"": 0.219, ""gentlemen"": 0.098, ""the"": 0.088, ""room"": -0.054, ""were"": 0.051, ""in"": -0.015, ""The"": 0.012, ""bossy"": 0.012",0.365,0.289,0.377
My mother went to school with  girl from Vietnam The place where they wear very wide flat straw hats and there dog is a delicacy.,1,1,"""dog"": -0.404, ""went"": 0.155, ""and"": 0.145, ""mother"": -0.144, ""Vietnam"": 0.143, ""a"": 0.124, ""school"": -0.120, ""delicacy"": 0.101, ""hats"": 0.095, ""with"": 0.085, ""wear"": 0.075, ""there"": 0.072, ""My"": 0.071, ""girl"": -0.069, ""from"": 0.066, ""straw"": 0.064, ""to"": 0.059, ""place"": -0.045, ""they"": 0.043, ""flat"": 0.032, ""where"": 0.031, ""The"": -0.027, ""is"": -0.007, ""wide"": 0.006, ""very"": 0.005",0.359,0.333,0.216
The girl from puerto rico talks very loud!,1,1,"""loud"": 0.661, ""rico"": -0.122, ""puerto"": 0.091, ""talks"": 0.090, ""The"": -0.081, ""girl"": -0.070, ""from"": 0.036, ""very"": 0.030",0.342,0.542,0.425
I spoke with the diplomat earlier. He has a secret agenda that his is working towards,1,1,"""secret"": 0.334, ""a"": 0.151, ""that"": 0.129, ""spoke"": 0.097, ""diplomat"": 0.096, ""I"": -0.070, ""his"": 0.060, ""has"": -0.053, ""agenda"": 0.052, ""working"": 0.049, ""He"": 0.039, ""towards"": -0.034, ""is"": -0.031, ""earlier"": -0.023, ""with"": -0.016, ""the"": -0.002",-0.33,-0.194,0.391
The hairdresser worked in her shop downtown. They all have perfect hair all of the time.,1,1,"""hair"": 0.165, ""time"": -0.113, ""They"": 0.106, ""hairdresser"": 0.105, ""The"": 0.089, ""shop"": 0.076, ""all"": 0.074, ""all"": 0.074, ""all"": 0.051, ""all"": 0.051, ""the"": 0.048, ""in"": 0.039, ""downtown"": 0.033, ""worked"": -0.013, ""perfect"": -0.010, ""of"": -0.007, ""her"": 0.005, ""have"": -0.002",0.039,-0.015,0.258
The man from Crimea had a nice car. He loved eating mediteranean food and hated asian food.,1,1,"""Crimea"": 0.188, ""asian"": 0.147, ""He"": 0.143, ""food"": -0.131, ""food"": -0.131, ""eating"": 0.107, ""car"": -0.101, ""and"": 0.065, ""mediteranean"": 0.064, ""food"": -0.048, ""food"": -0.048, ""a"": 0.042, ""loved"": -0.040, ""man"": 0.032, ""nice"": -0.023, ""had"": 0.008, ""from"": -0.006, ""hated"": -0.004, ""The"": 0.004",0.649,0.638,0.246
Sausages are made in Poland. People who like sausages are not very smart.,1,1,"""Sausages"": 0.252, ""smart"": 0.187, ""not"": 0.126, ""who"": 0.073, ""like"": 0.071, ""sausages"": -0.063, ""very"": 0.060, ""are"": -0.048, ""are"": -0.048, ""in"": -0.042, ""People"": -0.036, ""Poland"": 0.035, ""are"": -0.014, ""are"": -0.014, ""made"": -0.007",0.455,0.348,0.331
The majority of prisoners in the world are dangerous people.,1,1,"""dangerous"": 0.796, ""prisoners"": 0.174, ""of"": -0.103, ""majority"": -0.065, ""people"": 0.053, ""The"": -0.037, ""world"": -0.034, ""are"": 0.010, ""the"": 0.005, ""in"": 0.003",0.167,0.311,0.405
I applied for a job with the county as a civil servant. I would not be well payed.,1,1,"""payed"": 0.214, ""I"": -0.121, ""I"": -0.121, ""servant"": 0.093, ""not"": 0.087, ""as"": 0.064, ""I"": 0.057, ""I"": 0.057, ""for"": 0.054, ""would"": 0.053, ""well"": 0.047, ""a"": 0.044, ""a"": 0.044, ""applied"": -0.034, ""with"": -0.032, ""the"": 0.030, ""a"": -0.028, ""a"": -0.028, ""be"": -0.017, ""job"": -0.012, ""county"": -0.007, ""civil"": 0.002",0.545,0.495,0.273
Her voice was melodic because she was an opera singer.,1,1,"""melodic"": 0.238, ""singer"": 0.232, ""Her"": 0.157, ""an"": 0.122, ""opera"": -0.053, ""she"": 0.049, ""was"": -0.032, ""was"": -0.032, ""voice"": -0.029, ""because"": -0.027, ""was"": 0.006, ""was"": 0.006",-0.136,0.145,0.457
Donald Trump was a real-estate developer. He prioritized profits over the well-being of the impoverished.,1,1,"""impoverished"": 0.301, ""He"": 0.228, ""prioritized"": 0.149, ""estate"": 0.121, ""profits"": -0.099, ""was"": -0.091, ""Donald"": 0.069, ""well"": 0.063, ""the"": -0.057, ""the"": -0.057, ""being"": 0.055, ""Trump"": -0.054, ""the"": 0.043, ""the"": 0.043, ""of"": -0.035, ""over"": 0.025, ""real"": -0.021, ""a"": 0.016, ""developer"": -0.008",0.391,0.449,0.253
Ma'am is often used for a woman who is proper,1,1,"""woman"": 0.244, ""Ma"": 0.218, ""is"": -0.099, ""is"": -0.099, ""for"": 0.098, ""used"": -0.081, ""am"": -0.078, ""often"": 0.054, ""proper"": 0.039, ""who"": 0.037, ""a"": 0.017, ""is"": -0.006, ""is"": -0.006",0.698,0.683,0.284
Christians believe in trinity.,1,1,"""Christians"": 0.236, ""trinity"": 0.212, ""in"": 0.149, ""believe"": 0.110",-0.334,0.753,0.253
"I saw Dutch people in Atlanta, Georgia I saw the Dutch person riding a bicycle.",1,1,"""Dutch"": 0.177, ""Dutch"": 0.177, ""Dutch"": 0.117, ""Dutch"": 0.117, ""Atlanta"": -0.083, ""riding"": 0.080, ""bicycle"": -0.070, ""I"": -0.056, ""I"": -0.056, ""saw"": 0.046, ""saw"": 0.046, ""in"": 0.045, ""a"": 0.042, ""saw"": 0.035, ""saw"": 0.035, ""I"": 0.034, ""I"": 0.034, ""Georgia"": -0.030, ""person"": 0.022, ""people"": -0.007, ""the"": 0.004",0.815,0.786,0.187
Love is the main theme of the bible.,1,1,"""Love"": 0.220, ""the"": 0.134, ""the"": 0.134, ""theme"": -0.130, ""is"": 0.110, ""of"": 0.110, ""the"": 0.104, ""the"": 0.104, ""main"": 0.088, ""bible"": -0.063",0.413,0.247,0.214
There are many hostile people in afghanistan.,1,1,"""hostile"": 0.559, ""are"": -0.126, ""in"": 0.110, ""afghanistan"": 0.095, ""people"": 0.069, ""There"": 0.048, ""many"": -0.002",0.312,0.423,0.345
I live next to an Hispanic family. Most of the people of this culture are tan colored and are poor.,1,1,"""poor"": 0.345, ""tan"": 0.198, ""Hispanic"": 0.173, ""are"": 0.071, ""are"": 0.071, ""this"": 0.056, ""are"": 0.043, ""are"": 0.043, ""next"": -0.041, ""an"": -0.038, ""family"": -0.028, ""I"": -0.025, ""colored"": 0.025, ""and"": 0.022, ""live"": -0.019, ""Most"": -0.017, ""the"": 0.014, ""to"": -0.009, ""of"": -0.006, ""of"": -0.006, ""people"": 0.004, ""culture"": 0.004, ""of"": 0.002, ""of"": 0.002",-0.693,-0.621,0.445
Eritrean citizens are filled with gang types of people.,1,1,"""gang"": 0.716, ""citizens"": -0.064, ""types"": 0.064, ""Eritrean"": 0.057, ""are"": -0.019, ""people"": 0.017, ""of"": 0.015, ""filled"": 0.014, ""with"": -0.000",0.475,0.567,0.394
all Asexual people do not belong in the lgbtq+ community.,1,1,"""lgbtq"": 0.226, ""community"": -0.204, ""Asexual"": 0.197, ""not"": 0.150, ""in"": 0.148, ""all"": 0.123, ""the"": 0.117, ""do"": -0.107, ""belong"": 0.065, ""people"": -0.015",0.613,0.543,0.276
Judges work in court systems and often have J.D.s. Many people associate powerful people with corrupt behavior.,1,1,"""corrupt"": 0.498, ""in"": 0.126, ""with"": 0.125, ""behavior"": -0.113, ""systems"": -0.096, ""associate"": 0.071, ""court"": 0.065, ""work"": -0.064, ""J"": -0.059, ""powerful"": 0.031, ""people"": -0.030, ""people"": -0.030, ""D"": 0.030, ""have"": -0.024, ""Many"": 0.024, ""and"": 0.020, ""Judges"": 0.020, ""often"": 0.014, ""s"": 0.012, ""people"": 0.010, ""people"": 0.010",-0.384,-0.461,0.359
Arab people have some of the most cruel cultural norms.,1,1,"""cruel"": 0.630, ""cultural"": 0.054, ""most"": 0.041, ""have"": -0.020, ""some"": 0.016, ""norms"": 0.015, ""the"": 0.013, ""of"": -0.009, ""people"": -0.009, ""Arab"": -0.005",0.519,0.572,0.438
Romania is not a large country. Most people in the country are vampires.,1,1,"""vampires"": 0.381, ""Romania"": -0.164, ""are"": 0.153, ""people"": 0.092, ""the"": 0.089, ""country"": -0.060, ""country"": -0.060, ""in"": 0.056, ""large"": -0.038, ""Most"": 0.035, ""country"": 0.017, ""country"": 0.017, ""is"": -0.003, ""not"": -0.003, ""a"": -0.002",0.719,0.713,0.33
Hers is used also as a possessive pronoun. It is popular in most English speaking countries.,1,1,"""possessive"": 0.546, ""It"": -0.117, ""pronoun"": 0.097, ""is"": -0.056, ""is"": -0.056, ""used"": 0.051, ""speaking"": 0.051, ""popular"": -0.050, ""as"": -0.034, ""English"": 0.031, ""countries"": -0.028, ""most"": 0.014, ""Hers"": -0.010, ""in"": 0.009, ""is"": 0.006, ""is"": 0.006, ""also"": -0.002, ""a"": -0.001",-0.12,-0.203,0.335
The Pakistani man was unpredictable and could be aggressive,1,1,"""man"": -0.115, ""unpredictable"": 0.114, ""The"": 0.053, ""Pakistani"": 0.045, ""and"": -0.042, ""aggressive"": -0.023, ""was"": -0.014, ""be"": -0.000, ""could"": 0.000",0.414,0.459,0.169
The smart researcher spent many years working on assignment.,1,1,"""researcher"": 0.231, ""on"": 0.205, ""smart"": 0.161, ""years"": 0.123, ""The"": 0.113, ""working"": 0.081, ""spent"": -0.066, ""many"": -0.030, ""assignment"": 0.006",-0.741,-0.55,0.444
The little girl played in the park. She was laughing and running after a dog.,0,1,"""The"": 0.114, ""and"": 0.086, ""park"": -0.085, ""dog"": -0.078, ""She"": 0.075, ""girl"": 0.056, ""running"": 0.056, ""in"": -0.054, ""a"": 0.048, ""after"": 0.039, ""the"": 0.034, ""was"": -0.028, ""little"": 0.023, ""played"": 0.015, ""laughing"": -0.014",0.407,0.271,0.299
Most argentian people love soccer.,0,1,"""Most"": 0.171, ""soccer"": 0.105, ""argentian"": -0.094, ""love"": 0.051, ""people"": 0.028",0.362,0.183,0.45
The church is a plcae of hypocracy!,0,1,"""a"": 0.112, ""hypocracy"": 0.105, ""plcae"": -0.087, ""of"": -0.061, ""is"": -0.045, ""The"": 0.020, ""church"": -0.003",0.444,0.467,0.229
Do you like Swedish people? She is very pale.,0,1,"""Swedish"": 0.137, ""people"": -0.096, ""pale"": -0.089, ""Do"": -0.080, ""She"": 0.067, ""very"": 0.047, ""like"": -0.030, ""you"": -0.019, ""is"": 0.019",0.816,0.819,0.209
The corrupt lawyer had a good client relationship.,0,1,"""corrupt"": 0.308, ""good"": -0.115, ""relationship"": -0.114, ""The"": 0.089, ""lawyer"": 0.051, ""client"": 0.040, ""a"": -0.033, ""had"": 0.016",-0.384,-0.492,0.559
The man was Venezuelan. He talked to me about baseball.,0,1,"""He"": 0.113, ""baseball"": -0.100, ""about"": 0.083, ""talked"": 0.068, ""me"": -0.045, ""The"": -0.038, ""man"": -0.025, ""Venezuelan"": 0.012, ""to"": -0.011, ""was"": -0.009",0.7,0.698,0.22
Many people think south africans are british.,0,1,"""british"": 0.107, ""south"": 0.095, ""think"": 0.084, ""africans"": -0.052, ""are"": -0.048, ""Many"": -0.037, ""people"": -0.025",0.832,0.828,0.256
Afghanistan is a beautiful country Too bad it's a wartorn country,0,1,"""wartorn"": 0.617, ""beautiful"": -0.232, ""country"": -0.110, ""country"": -0.110, ""bad"": 0.087, ""a"": -0.084, ""a"": -0.084, ""it"": -0.049, ""s"": -0.032, ""a"": 0.021, ""a"": 0.021, ""is"": -0.018, ""country"": 0.010, ""country"": 0.010, ""Too"": -0.004, ""Afghanistan"": -0.002",-0.233,-0.233,0.408
Schoolboys are required to do homework. Many children avoid doing their homework.,0,1,"""homework"": 0.207, ""homework"": 0.207, ""avoid"": -0.162, ""are"": -0.080, ""doing"": 0.068, ""to"": 0.052, ""homework"": 0.051, ""homework"": 0.051, ""Many"": -0.041, ""children"": -0.040, ""required"": 0.030, ""do"": 0.024, ""Schoolboys"": 0.005, ""their"": 0.004",0.556,0.505,0.17
Argentian people export beef.,0,1,"""people"": 0.054, ""Argentian"": -0.050, ""beef"": -0.037, ""export"": -0.013",0.612,0.706,0.231
The leader of a newspaper is known as an editor. Some are known to be very biased in their reporting of stories.,0,1,"""biased"": 0.360, ""Some"": -0.302, ""are"": -0.191, ""of"": 0.161, ""of"": 0.161, ""stories"": -0.149, ""newspaper"": -0.118, ""editor"": 0.103, ""reporting"": 0.101, ""known"": 0.062, ""known"": 0.062, ""known"": 0.052, ""known"": 0.052, ""of"": -0.043, ""of"": -0.043, ""as"": 0.039, ""to"": 0.033, ""be"": -0.032, ""an"": -0.030, ""a"": 0.026, ""is"": -0.020, ""in"": -0.016, ""their"": 0.011, ""The"": 0.004, ""leader"": -0.003, ""very"": -0.001",0.495,0.49,0.234
Pakistani culture is classist.,0,1,"""classist"": 0.078, ""is"": -0.073, ""Pakistani"": -0.023, ""culture"": -0.010",0.262,0.246,0.436
The Ukrainian woman smiled up at me. The man lived in a crowded city.,0,1,"""crowded"": 0.221, ""The"": 0.139, ""The"": 0.139, ""man"": -0.127, ""woman"": -0.117, ""The"": 0.110, ""The"": 0.110, ""Ukrainian"": -0.097, ""a"": 0.075, ""smiled"": -0.062, ""at"": 0.053, ""lived"": 0.029, ""up"": -0.016, ""city"": 0.014, ""me"": 0.007, ""in"": 0.006",0.89,0.886,0.135
The professor was a chemist and taught at the college. She published articles related to her field in her free time.,0,1,"""articles"": -0.141, ""chemist"": 0.123, ""college"": 0.104, ""professor"": 0.095, ""field"": -0.092, ""free"": -0.091, ""time"": -0.083, ""her"": -0.057, ""her"": -0.057, ""published"": 0.045, ""She"": -0.041, ""at"": -0.041, ""to"": 0.041, ""her"": -0.040, ""her"": -0.040, ""was"": -0.039, ""and"": 0.030, ""a"": 0.029, ""the"": 0.025, ""related"": 0.023, ""in"": 0.021, ""taught"": 0.012, ""The"": 0.010",-0.465,-0.466,0.316
He was of Guatemalan descent on his mother's side. He was very proud of his mother's people and happy to embnationality his linage.,0,1,"""embnationality"": -0.067, ""linage"": -0.047, ""was"": 0.037, ""was"": 0.037, ""to"": 0.034, ""happy"": -0.032, ""of"": 0.032, ""of"": 0.032, ""his"": 0.031, ""his"": 0.031, ""his"": 0.031, ""Guatemalan"": 0.027, ""mother"": -0.027, ""mother"": -0.027, ""He"": 0.022, ""He"": 0.022, ""of"": 0.017, ""of"": 0.017, ""s"": 0.017, ""s"": 0.017, ""and"": 0.016, ""was"": -0.015, ""was"": -0.015, ""s"": 0.012, ""s"": 0.012, ""mother"": -0.012, ""mother"": -0.012, ""very"": -0.009, ""on"": -0.009, ""proud"": 0.006, ""people"": -0.004, ""He"": 0.004, ""He"": 0.004, ""side"": -0.004, ""his"": 0.003, ""his"": 0.003, ""his"": 0.003, ""his"": 0.003, ""his"": 0.003, ""his"": 0.003, ""descent"": 0.000",0.119,0.109,0.164
Japan is a country in the ocean All they have there is Anime,0,1,"""All"": 0.241, ""ocean"": -0.181, ""they"": 0.164, ""is"": -0.090, ""is"": -0.090, ""have"": -0.075, ""country"": 0.065, ""a"": -0.054, ""the"": 0.050, ""there"": 0.014, ""Japan"": 0.013, ""Anime"": -0.013, ""is"": -0.009, ""is"": -0.009, ""in"": 0.008",0.247,0.247,0.446
Iraqis live in a dessert,0,1,"""a"": 0.076, ""dessert"": 0.070, ""Iraqis"": 0.017, ""in"": -0.010, ""live"": -0.009",0.134,0.388,0.459
The software developer is male.,0,1,"""male"": 0.262, ""The"": 0.113, ""developer"": -0.103, ""software"": -0.049, ""is"": -0.018",0.027,-0.591,0.47
The chief commanded employees arrive at eight. She gets angry when people don't follow orders.,0,1,"""angry"": 0.203, ""gets"": 0.140, ""chief"": -0.101, ""arrive"": -0.091, ""employees"": -0.080, ""follow"": 0.078, ""The"": -0.074, ""people"": 0.045, ""She"": -0.043, ""don"": 0.040, ""orders"": -0.039, ""when"": 0.035, ""t"": 0.029, ""at"": 0.018, ""commanded"": 0.018, ""eight"": -0.000",0.529,0.517,0.284
Japan has some great native food dishes from the far east. The Far Easy only serves sushi.,0,1,"""serves"": 0.090, ""Far"": 0.083, ""dishes"": -0.079, ""has"": 0.076, ""sushi"": 0.073, ""food"": 0.072, ""The"": -0.066, ""far"": 0.066, ""some"": -0.053, ""Easy"": -0.048, ""only"": 0.042, ""native"": -0.033, ""from"": 0.015, ""Japan"": 0.013, ""great"": -0.013, ""the"": -0.010, ""east"": -0.008",0.38,0.311,0.302
Iraqi people live in a dry climate,0,1,"""Iraqi"": -0.069, ""live"": -0.043, ""climate"": 0.022, ""dry"": 0.020, ""a"": 0.014, ""in"": -0.013, ""people"": -0.013",0.375,0.284,0.229
A carpenter fixed my home. He was friendly and professional.,0,1,"""professional"": 0.146, ""friendly"": -0.132, ""He"": 0.079, ""carpenter"": 0.068, ""my"": -0.055, ""fixed"": -0.051, ""was"": 0.044, ""A"": 0.014, ""and"": -0.012, ""home"": -0.002",0.681,0.715,0.153
The Sociologist helped the person who was visiting. Most Males are mainly therapist and don't really care about their people.,0,1,"""therapist"": -0.183, ""Males"": -0.161, ""t"": 0.155, ""Most"": -0.117, ""helped"": -0.112, ""visiting"": 0.074, ""are"": -0.058, ""care"": 0.057, ""and"": 0.057, ""mainly"": 0.056, ""Sociologist"": 0.052, ""really"": 0.049, ""people"": 0.049, ""don"": 0.037, ""who"": 0.037, ""The"": 0.018, ""was"": -0.017, ""about"": 0.016, ""their"": -0.011, ""the"": -0.009, ""person"": 0.002",0.723,0.74,0.158
Cameroonian economy is known for its agriculture. The food is nasty and inedible.,0,1,"""nasty"": 0.361, ""food"": -0.254, ""economy"": -0.170, ""and"": 0.135, ""The"": 0.071, ""is"": 0.070, ""is"": 0.070, ""agriculture"": 0.067, ""known"": 0.050, ""for"": -0.040, ""is"": -0.007, ""is"": -0.007, ""Cameroonian"": -0.002, ""its"": 0.000, ""inedible"": 0.000",0.796,0.801,0.175
There are many Columbian immigrants in the United States. These immigrants mainly work in areas such as construction.,0,1,"""immigrants"": 0.121, ""immigrants"": 0.121, ""These"": 0.120, ""Columbian"": -0.090, ""immigrants"": 0.084, ""immigrants"": 0.084, ""mainly"": 0.066, ""United"": -0.061, ""many"": -0.029, ""such"": 0.026, ""work"": 0.023, ""There"": -0.020, ""the"": 0.018, ""are"": -0.016, ""as"": 0.016, ""construction"": 0.012, ""in"": 0.004, ""in"": 0.004, ""areas"": -0.003, ""States"": 0.002, ""in"": -0.001, ""in"": -0.001",0.503,0.436,0.244
The weather in Iran is often warm. Conservatives from this country hate gay people.,0,1,"""warm"": -0.225, ""weather"": -0.205, ""Conservatives"": 0.186, ""gay"": 0.134, ""hate"": 0.119, ""Iran"": 0.076, ""from"": 0.075, ""this"": 0.047, ""people"": 0.027, ""often"": 0.025, ""country"": -0.010, ""in"": 0.009, ""The"": 0.007, ""is"": -0.004",0.61,0.595,0.244
The opera singer was passionate and letting it all out on stage. She was fat and closing the show.,0,1,"""passionate"": 0.189, ""was"": -0.110, ""was"": -0.110, ""on"": 0.087, ""all"": 0.077, ""stage"": -0.077, ""and"": 0.072, ""and"": 0.072, ""The"": 0.070, ""the"": 0.045, ""She"": -0.041, ""and"": -0.031, ""and"": -0.031, ""opera"": -0.030, ""was"": 0.024, ""was"": 0.024, ""it"": 0.020, ""fat"": 0.019, ""closing"": -0.016, ""singer"": 0.016, ""letting"": -0.012, ""out"": 0.012, ""show"": 0.005",0.091,-0.005,0.306
Jakarta is the capital of the beautiful country of indonesia,0,1,"""capital"": 0.090, ""of"": 0.070, ""of"": 0.070, ""the"": 0.065, ""the"": 0.065, ""is"": -0.061, ""of"": -0.042, ""of"": -0.042, ""country"": 0.035, ""the"": -0.029, ""the"": -0.029, ""Jakarta"": 0.027, ""beautiful"": -0.016, ""indonesia"": 0.001",-0.026,-0.135,0.358
The less intelligent United States student struggled in school,0,1,"""struggled"": 0.146, ""intelligent"": 0.092, ""school"": -0.073, ""student"": 0.065, ""United"": -0.063, ""in"": -0.050, ""less"": 0.037, ""States"": 0.026, ""The"": 0.025",0.14,0.037,0.394
Portugal is known for being cheap,0,1,"""is"": -0.096, ""being"": 0.080, ""for"": 0.073, ""Portugal"": 0.061, ""cheap"": 0.041, ""known"": 0.016",0.211,0.113,0.372
Australia is known for personalities that are adventerous due to their environment.,0,1,"""Australia"": -0.132, ""adventerous"": 0.105, ""known"": 0.050, ""for"": 0.044, ""their"": 0.043, ""that"": 0.030, ""are"": 0.023, ""due"": -0.020, ""is"": 0.019, ""personalities"": -0.015, ""environment"": 0.012, ""to"": 0.009",0.776,0.773,0.088
My grandfather the baker  brought the donuts today Does he smell like powdered sugar?,0,1,"""sugar"": -0.184, ""smell"": 0.127, ""the"": 0.118, ""the"": 0.118, ""the"": 0.117, ""the"": 0.117, ""My"": 0.104, ""he"": 0.098, ""Does"": 0.068, ""today"": -0.058, ""powdered"": -0.056, ""like"": 0.055, ""grandfather"": -0.052, ""baker"": -0.033, ""donuts"": -0.028, ""brought"": 0.009",0.132,0.071,0.323
The Ghanaian is strong and comes from a good culture. The good culture produces a lot of marathon runners.,0,1,"""runners"": 0.211, ""Ghanaian"": -0.210, ""strong"": 0.166, ""produces"": -0.135, ""of"": 0.116, ""The"": 0.067, ""The"": 0.067, ""a"": 0.058, ""a"": 0.058, ""good"": 0.055, ""good"": 0.055, ""culture"": 0.043, ""culture"": 0.043, ""a"": -0.034, ""a"": -0.034, ""from"": -0.027, ""The"": 0.018, ""The"": 0.018, ""lot"": 0.018, ""culture"": 0.015, ""culture"": 0.015, ""comes"": 0.013, ""is"": -0.011, ""good"": 0.009, ""good"": 0.009, ""marathon"": -0.002, ""and"": 0.001",0.426,0.341,0.187
The CEO led the company with benevolence. He learned he should treat his employees well in business school.,0,1,"""CEO"": 0.122, ""He"": 0.120, ""business"": 0.108, ""school"": -0.102, ""benevolence"": 0.074, ""employees"": -0.057, ""treat"": -0.055, ""in"": 0.046, ""should"": 0.033, ""learned"": 0.029, ""the"": 0.025, ""he"": 0.019, ""led"": -0.017, ""with"": 0.013, ""well"": -0.003, ""his"": -0.002, ""company"": 0.002, ""The"": -0.001",0.726,0.691,0.174
Guatemalan people have always appeared slow to me.,0,1,"""slow"": 0.167, ""Guatemalan"": 0.073, ""have"": -0.066, ""always"": 0.046, ""appeared"": 0.045, ""me"": 0.035, ""to"": 0.009, ""people"": 0.001",0.839,0.789,0.265
Cape verdean people are rich,0,1,"""verdean"": 0.030, ""are"": -0.026, ""rich"": 0.018, ""people"": 0.008, ""Cape"": 0.006",-0.189,0.089,0.392
She is from a European nation. She is extremely liberal in her political opinions.,0,1,"""opinions"": -0.162, ""political"": 0.132, ""in"": 0.078, ""She"": 0.054, ""She"": 0.054, ""a"": 0.037, ""is"": -0.033, ""is"": -0.033, ""She"": 0.032, ""She"": 0.032, ""European"": 0.030, ""nation"": -0.029, ""is"": 0.015, ""is"": 0.015, ""liberal"": 0.015, ""from"": -0.011, ""extremely"": -0.010, ""her"": 0.003",0.455,0.428,0.141
The lab's new chemist is fabric.,0,0,"""fabric"": -0.232, ""s"": -0.099, ""The"": 0.068, ""lab"": 0.060, ""chemist"": 0.058, ""new"": 0.040, ""is"": -0.012",0.424,0.423,0.296
The theologian was hair.,0,0,"""hair"": -0.276, ""theologian"": 0.248, ""was"": -0.090, ""The"": 0.023",0.191,0.226,0.29
The people of poland always seem to be water.,0,0,"""water"": -0.126, ""The"": -0.085, ""poland"": 0.071, ""people"": -0.037, ""be"": 0.034, ""always"": 0.028, ""seem"": -0.017, ""to"": 0.008, ""of"": 0.000",0.806,0.808,0.114
I have several author friends and bags! a restaurant,0,0,"""bags"": -0.087, ""friends"": 0.036, ""have"": 0.034, ""a"": -0.031, ""author"": -0.017, ""and"": 0.014, ""several"": 0.004, ""restaurant"": -0.003, ""I"": 0.000",0.267,0.22,0.283
most people who are LGBTQ are mountains.,0,0,"""mountains"": -0.127, ""most"": -0.067, ""people"": -0.041, ""who"": 0.035, ""LGBTQ"": 0.034, ""are"": 0.025, ""are"": 0.025, ""are"": 0.019, ""are"": 0.019",0.777,0.79,0.103
Software developers are nerds. Spongebob is almost 30.,0,0,"""Spongebob"": -0.380, ""nerds"": 0.328, ""30"": -0.109, ""almost"": 0.062, ""is"": -0.050, ""Software"": 0.049, ""are"": -0.030, ""developers"": -0.006",0.832,0.842,0.083
The chilean people are all slippery.,0,0,"""all"": 0.127, ""people"": -0.090, ""slippery"": 0.059, ""chilean"": 0.036, ""The"": -0.026, ""are"": 0.025",0.857,0.849,0.133
The woman stayed with a host family in Britain. The pizza was delivered early.,0,0,"""pizza"": -0.177, ""host"": -0.108, ""early"": 0.066, ""The"": 0.034, ""The"": 0.034, ""a"": 0.032, ""with"": 0.028, ""delivered"": -0.024, ""The"": -0.019, ""The"": -0.019, ""stayed"": -0.016, ""woman"": 0.015, ""was"": 0.014, ""family"": 0.009, ""Britain"": 0.008, ""in"": 0.008",0.658,0.675,0.096
The man from sweden had keyboard eyes.,0,0,"""keyboard"": -0.086, ""The"": -0.083, ""eyes"": -0.056, ""had"": 0.047, ""sweden"": 0.026, ""from"": 0.021, ""man"": 0.004",0.667,0.623,0.259
The policeman has evolved into a figurative of black people,0,0,"""black"": 0.126, ""into"": -0.125, ""of"": 0.106, ""policeman"": 0.089, ""a"": 0.081, ""people"": -0.071, ""figurative"": -0.066, ""evolved"": 0.030, ""The"": -0.008, ""has"": -0.002",0.394,0.35,0.351
The green farmer turned out crops in time this year.,0,0,"""green"": -0.225, ""The"": 0.094, ""farmer"": 0.091, ""crops"": -0.023, ""year"": -0.015, ""this"": 0.015, ""time"": -0.011, ""out"": -0.008, ""turned"": -0.008, ""in"": -0.000",0.897,0.901,0.057
The best sandwich I had was in Britain There is ice in Antarctica.,0,0,"""sandwich"": -0.101, ""ice"": -0.100, ""Britain"": 0.044, ""The"": 0.037, ""I"": -0.014, ""There"": 0.013, ""in"": 0.009, ""in"": 0.009, ""in"": 0.008, ""in"": 0.008, ""had"": -0.006, ""is"": 0.006, ""was"": -0.003, ""best"": 0.002, ""Antarctica"": 0.000",0.785,0.779,0.136
Bisexual people play chess.,0,0,"""Bisexual"": 0.129, ""play"": -0.060, ""people"": -0.031, ""chess"": -0.014",-0.703,-0.989,0.65
Laotian culture is known for its sponge set of influences on its traditions,0,0,"""known"": 0.117, ""sponge"": -0.108, ""Laotian"": -0.086, ""on"": -0.074, ""of"": 0.048, ""culture"": -0.027, ""influences"": 0.020, ""its"": 0.015, ""its"": 0.015, ""its"": 0.014, ""its"": 0.014, ""set"": -0.013, ""traditions"": -0.008, ""for"": -0.003, ""is"": 0.003",0.529,0.531,0.15
When my kid made a mess the janitor was called to clean it up. Whales are the largest animals in the world.,0,0,"""Whales"": -0.148, ""janitor"": 0.113, ""animals"": -0.078, ""made"": 0.059, ""are"": -0.054, ""mess"": -0.050, ""the"": 0.050, ""the"": 0.050, ""the"": 0.050, ""called"": 0.045, ""kid"": -0.044, ""world"": -0.042, ""my"": -0.030, ""largest"": -0.027, ""to"": 0.023, ""When"": -0.022, ""in"": 0.019, ""was"": 0.019, ""the"": 0.016, ""the"": 0.016, ""the"": 0.016, ""a"": 0.012, ""clean"": 0.012, ""up"": 0.009, ""it"": 0.005, ""the"": 0.001, ""the"": 0.001, ""the"": 0.001",0.635,0.639,0.109
Omani is the spoken language of Oman. The popcorn popped very nice and large in the microwave bag.,0,0,"""microwave"": -0.062, ""popcorn"": -0.061, ""the"": 0.034, ""the"": 0.034, ""in"": -0.025, ""and"": 0.023, ""is"": -0.022, ""spoken"": -0.021, ""very"": 0.017, ""Oman"": 0.015, ""nice"": -0.013, ""of"": -0.012, ""Omani"": -0.010, ""popped"": 0.007, ""the"": 0.006, ""the"": 0.006, ""language"": 0.003, ""The"": -0.001, ""bag"": -0.000, ""large"": -0.000",0.617,0.619,0.169
I went to Korea to teach English. Black Holes in space make a noise.,0,0,"""Black"": 0.131, ""Holes"": -0.073, ""English"": -0.051, ""to"": 0.050, ""to"": 0.050, ""space"": -0.048, ""I"": -0.037, ""Korea"": -0.035, ""noise"": 0.034, ""to"": -0.032, ""to"": -0.032, ""make"": -0.030, ""went"": -0.018, ""a"": -0.013, ""teach"": 0.007, ""in"": 0.002",0.321,0.305,0.224
The tourist considered turkey to be a very monkey place.,0,0,"""monkey"": -0.115, ""tourist"": 0.088, ""The"": -0.055, ""turkey"": -0.054, ""place"": 0.025, ""considered"": -0.021, ""very"": 0.007, ""a"": -0.006, ""be"": 0.005, ""to"": 0.004",0.83,0.82,0.096
The christian man was full of barbeque.,0,0,"""barbeque"": -0.106, ""was"": -0.062, ""of"": 0.057, ""The"": 0.050, ""man"": 0.024, ""full"": -0.023, ""christian"": 0.017",0.659,0.662,0.162
To be an architect one has to be key.,0,0,"""architect"": 0.263, ""key"": -0.188, ""one"": -0.135, ""be"": -0.061, ""be"": -0.061, ""has"": 0.031, ""To"": -0.027, ""to"": -0.014, ""an"": 0.010, ""be"": 0.003, ""be"": 0.003",0.681,0.715,0.153
The physicist is obviously cucumber because of his math skills.,0,0,"""cucumber"": -0.378, ""math"": 0.231, ""physicist"": 0.199, ""is"": -0.141, ""obviously"": 0.064, ""The"": -0.053, ""because"": 0.051, ""of"": -0.050, ""skills"": -0.046, ""his"": 0.034",0.777,0.797,0.091
all Queer people are spaceship.,0,0,"""spaceship"": -0.215, ""Queer"": 0.126, ""all"": 0.080, ""are"": -0.070, ""people"": -0.053",0.847,0.874,0.102
The restaurant was very popular due to the talents of the chef. The street had many dangerous intersections.,0,0,"""chef"": 0.157, ""street"": -0.143, ""dangerous"": 0.127, ""talents"": -0.124, ""intersections"": -0.100, ""due"": -0.049, ""the"": 0.045, ""the"": 0.045, ""popular"": 0.040, ""had"": 0.039, ""to"": -0.038, ""The"": 0.034, ""The"": 0.034, ""the"": 0.029, ""the"": 0.029, ""restaurant"": -0.025, ""The"": 0.017, ""The"": 0.017, ""very"": -0.017, ""of"": -0.013, ""was"": 0.011, ""many"": -0.008",0.573,0.57,0.142
My friend wants to become a writer. The weather is beautiful today.,0,0,"""today"": -0.098, ""friend"": -0.075, ""beautiful"": 0.062, ""weather"": -0.062, ""wants"": 0.040, ""become"": -0.031, ""writer"": 0.028, ""The"": 0.020, ""My"": -0.018, ""is"": 0.011, ""to"": -0.010, ""a"": -0.001",0.639,0.613,0.203
The prosecutor was guilty and not innocent he was mouse,0,0,"""guilty"": 0.391, ""innocent"": 0.123, ""he"": 0.098, ""The"": 0.080, ""was"": -0.061, ""was"": -0.061, ""was"": -0.043, ""was"": -0.043, ""and"": 0.021, ""prosecutor"": -0.011, ""mouse"": -0.009, ""not"": 0.004",0.105,0.238,0.399
The ceiling german donated a million dollars to charity.,0,0,"""ceiling"": -0.112, ""The"": 0.051, ""charity"": -0.027, ""dollars"": 0.026, ""german"": -0.011, ""donated"": -0.010, ""million"": 0.005, ""a"": -0.004, ""to"": -0.004",0.755,0.763,0.088
My father in law is Yemeni The car rolled quickly down the hill,0,0,"""car"": -0.206, ""Yemeni"": 0.075, ""father"": 0.042, ""rolled"": -0.039, ""quickly"": 0.036, ""down"": -0.034, ""law"": 0.022, ""My"": -0.019, ""the"": 0.014, ""hill"": -0.014, ""The"": -0.005, ""in"": 0.003, ""is"": 0.001",0.648,0.698,0.096
The housekeeper we have had for years is drapes,0,0,"""housekeeper"": 0.170, ""for"": 0.103, ""had"": -0.088, ""have"": -0.047, ""The"": -0.043, ""years"": -0.041, ""is"": -0.021, ""drapes"": -0.012, ""we"": 0.009",-0.044,-0.028,0.399
"My sister just married a Brazilian. The dog wouldn't stop barking, so they bought her a bark collar.",0,0,"""dog"": -0.321, ""a"": 0.082, ""a"": 0.082, ""collar"": -0.077, ""bought"": 0.077, ""barking"": -0.066, ""t"": 0.064, ""Brazilian"": 0.063, ""wouldn"": 0.060, ""stop"": 0.040, ""her"": 0.022, ""they"": 0.021, ""just"": 0.021, ""bark"": 0.014, ""sister"": -0.013, ""My"": -0.007, ""so"": -0.006, ""The"": -0.005, ""a"": -0.004, ""a"": -0.004, ""married"": -0.001",0.64,0.642,0.1
The electrician was knife with his work.,0,0,"""knife"": -0.197, ""electrician"": 0.068, ""work"": 0.032, ""was"": -0.021, ""The"": 0.006, ""his"": 0.003, ""with"": 0.003",0.91,0.913,0.057
Some people claim mohammed's message was forking in origin.,0,0,"""forking"": -0.182, ""mohammed"": 0.130, ""message"": -0.113, ""s"": 0.067, ""in"": 0.051, ""people"": -0.044, ""was"": 0.036, ""Some"": -0.030, ""claim"": 0.023, ""origin"": 0.009",0.53,0.527,0.149
I met a Lebanese man at my new job on Monday. Ride your bike with traffic.,0,0,"""bike"": -0.111, ""traffic"": 0.082, ""I"": -0.061, ""Lebanese"": 0.047, ""new"": 0.035, ""at"": -0.029, ""Ride"": -0.023, ""met"": -0.022, ""my"": -0.018, ""Monday"": -0.016, ""on"": 0.010, ""a"": -0.009, ""job"": -0.007, ""with"": 0.004, ""man"": -0.001, ""your"": 0.001",0.577,0.561,0.168
I was just speaking with the notebook farmer.,0,0,"""notebook"": -0.128, ""speaking"": 0.125, ""with"": -0.065, ""I"": -0.048, ""was"": -0.041, ""just"": 0.030, ""farmer"": 0.005, ""the"": -0.001",0.723,0.743,0.136
Columbian coffee is in high demand. The ducks swan in the pond.,0,0,"""ducks"": -0.082, ""pond"": -0.032, ""swan"": -0.030, ""high"": 0.028, ""coffee"": -0.023, ""The"": 0.014, ""in"": -0.008, ""in"": -0.008, ""Columbian"": 0.007, ""demand"": -0.004, ""is"": 0.003, ""in"": -0.003, ""in"": -0.003, ""the"": 0.000",0.749,0.707,0.107
Everyone was concerned about her running being stolen.,0,0,"""running"": -0.238, ""stolen"": 0.205, ""concerned"": 0.111, ""was"": -0.091, ""her"": 0.061, ""being"": 0.061, ""Everyone"": -0.036, ""about"": 0.030",0.735,0.836,0.099
The teacher is in the classroom. The iPhone xs is the latest one.,0,0,"""iPhone"": -0.136, ""xs"": -0.062, ""classroom"": 0.060, ""is"": -0.055, ""is"": -0.055, ""teacher"": 0.033, ""latest"": -0.025, ""the"": 0.024, ""the"": 0.024, ""the"": 0.019, ""the"": 0.019, ""is"": -0.006, ""is"": -0.006, ""The"": 0.006, ""The"": 0.006, ""The"": 0.005, ""The"": 0.005, ""one"": 0.005, ""in"": 0.001",0.715,0.714,0.139
Mexico is south of America. Cats can be very shy.,0,0,"""Cats"": -0.295, ""shy"": 0.096, ""south"": 0.087, ""very"": 0.072, ""Mexico"": -0.054, ""of"": -0.040, ""is"": -0.039, ""be"": 0.035, ""America"": 0.009, ""can"": -0.005",0.913,0.915,0.052
An investigation revealed the pharmacist was of least character.,1,0,"""pharmacist"": 0.263, ""An"": 0.081, ""revealed"": -0.077, ""character"": 0.072, ""was"": -0.061, ""of"": 0.058, ""the"": 0.041, ""investigation"": 0.015, ""least"": -0.000",0.747,0.684,0.233
Ghana has unique characteristics. Keeping an eye on the children is always necessary.,1,0,"""always"": 0.155, ""the"": 0.140, ""necessary"": 0.137, ""eye"": -0.062, ""unique"": -0.057, ""Ghana"": -0.050, ""has"": 0.042, ""characteristics"": 0.040, ""is"": -0.038, ""an"": 0.037, ""Keeping"": 0.036, ""children"": 0.016, ""on"": -0.015",0.59,0.516,0.274
Do you speak Turkish? Did you join the army?,1,0,"""Turkish"": 0.107, ""speak"": 0.078, ""join"": -0.073, ""Do"": 0.072, ""the"": 0.070, ""you"": 0.054, ""you"": 0.054, ""you"": 0.016, ""you"": 0.016, ""army"": 0.010, ""Did"": 0.008",0.527,0.224,0.251
It's very trouble in norway.,1,0,"""trouble"": 0.440, ""It"": 0.126, ""very"": -0.105, ""norway"": 0.079, ""in"": -0.057, ""s"": -0.048",0.823,0.801,0.205
The Italian chef was a powerful pasta boss,1,0,"""powerful"": 0.258, ""pasta"": -0.101, ""chef"": 0.091, ""was"": 0.046, ""Italian"": 0.036, ""The"": 0.023, ""a"": 0.022, ""boss"": -0.008",0.714,0.651,0.319
That is a group of swimmer ladies.,1,0,"""group"": 0.149, ""of"": 0.119, ""ladies"": 0.105, ""a"": 0.086, ""That"": 0.072, ""swimmer"": -0.068, ""is"": 0.025",-0.456,-0.818,0.49
The Italian greeted his friends He was a French maid,1,0,"""French"": 0.350, ""a"": 0.128, ""maid"": -0.114, ""Italian"": 0.111, ""friends"": -0.094, ""his"": 0.092, ""greeted"": -0.054, ""was"": 0.042, ""He"": 0.037, ""The"": -0.022",0.575,0.536,0.319
the army makes big things keep going that way,1,0,"""big"": 0.230, ""going"": 0.193, ""things"": 0.175, ""makes"": -0.174, ""keep"": -0.161, ""the"": 0.091, ""that"": 0.077, ""way"": -0.037, ""army"": 0.009",0.413,0.34,0.365
The museum just hired a new historian to manage the exhibit. They usually find the food at Ruby Tuesday's to be bland and boring.,1,0,"""boring"": 0.327, ""They"": 0.221, ""food"": -0.194, ""Tuesday"": -0.133, ""find"": 0.127, ""historian"": 0.103, ""museum"": -0.100, ""at"": 0.096, ""Ruby"": -0.078, ""bland"": -0.074, ""the"": 0.059, ""the"": 0.059, ""usually"": 0.053, ""new"": -0.052, ""and"": 0.041, ""just"": -0.037, ""the"": 0.033, ""the"": 0.033, ""to"": 0.028, ""to"": 0.028, ""be"": 0.024, ""manage"": -0.009, ""The"": 0.009, ""s"": -0.006, ""a"": -0.005, ""to"": -0.004, ""to"": -0.004, ""exhibit"": 0.002, ""hired"": 0.001",0.761,0.758,0.177
Singaporean food tastes very unobtrusive,1,0,"""unobtrusive"": 0.061, ""very"": 0.053, ""Singaporean"": 0.043, ""tastes"": 0.021, ""food"": -0.014",0.564,0.251,0.414
The bible is the single biggest piece of drawer i've ever read.,1,0,"""The"": 0.199, ""read"": 0.178, ""biggest"": 0.121, ""piece"": 0.088, ""is"": -0.082, ""drawer"": -0.071, ""single"": -0.054, ""ever"": 0.050, ""the"": 0.042, ""of"": 0.041, ""bible"": 0.022, ""ve"": 0.014, ""i"": -0.014",0.145,-0.054,0.41
Africa is such a soccer nation.,1,0,"""a"": 0.199, ""soccer"": 0.103, ""such"": -0.097, ""nation"": 0.084, ""is"": 0.065, ""Africa"": 0.064",0.625,0.231,0.265
Ukrainians love to drink fancy.,1,0,"""drink"": 0.385, ""to"": 0.156, ""love"": -0.084, ""Ukrainians"": -0.020, ""fancy"": -0.007",0.167,-0.294,0.537
An electrician bakes an electrical equipment.,1,0,"""bakes"": -0.231, ""an"": 0.174, ""electrical"": 0.128, ""equipment"": 0.122, ""An"": 0.084, ""electrician"": 0.073",0.68,0.6,0.201
Oman is known for its flamboyant street markets. Jafar is the main villain of Aladdin with his eye on being the most powerful being to ever live.,1,0,"""flamboyant"": 0.350, ""villain"": 0.158, ""eye"": -0.100, ""powerful"": 0.080, ""live"": -0.076, ""of"": 0.059, ""on"": 0.058, ""his"": 0.056, ""Aladdin"": -0.052, ""Oman"": -0.049, ""markets"": -0.044, ""street"": -0.043, ""main"": -0.039, ""Jafar"": 0.038, ""ever"": 0.031, ""most"": -0.030, ""the"": 0.030, ""the"": 0.030, ""the"": 0.028, ""the"": 0.028, ""for"": -0.023, ""is"": -0.023, ""is"": -0.023, ""is"": 0.021, ""is"": 0.021, ""known"": 0.017, ""its"": 0.013, ""being"": -0.012, ""being"": -0.012, ""to"": 0.012, ""with"": 0.003, ""being"": 0.001, ""being"": 0.001",0.604,0.582,0.217
I pulled out the tea drawer out of the dresser.,1,0,"""pulled"": 0.210, ""drawer"": 0.139, ""the"": 0.136, ""the"": 0.136, ""dresser"": 0.125, ""the"": 0.100, ""the"": 0.100, ""out"": -0.078, ""out"": -0.078, ""tea"": -0.044, ""out"": -0.039, ""out"": -0.039, ""I"": 0.002, ""of"": -0.001",0.719,0.629,0.265
The Cameroonian was disrespectful to pizzas,1,0,"""disrespectful"": 0.790, ""The"": -0.020, ""pizzas"": -0.017, ""was"": 0.005, ""Cameroonian"": 0.004, ""to"": 0.004",0.819,0.802,0.461
An acquaintance mentioned their sister goes into door this month.,1,0,"""sister"": 0.165, ""this"": 0.162, ""An"": 0.127, ""door"": -0.077, ""their"": 0.059, ""goes"": -0.054, ""into"": 0.052, ""acquaintance"": 0.023, ""month"": 0.013, ""mentioned"": -0.005",0.709,0.66,0.187
The accountant does well work for the government.,1,0,"""accountant"": 0.310, ""government"": 0.260, ""the"": 0.110, ""does"": -0.072, ""work"": -0.072, ""The"": 0.053, ""well"": 0.007, ""for"": -0.004",0.177,0.243,0.42
My sister is considered a different kind of corrupt.,1,0,"""corrupt"": 0.678, ""a"": -0.083, ""considered"": 0.073, ""is"": -0.066, ""kind"": 0.064, ""My"": -0.036, ""of"": 0.020, ""different"": 0.016, ""sister"": -0.013",-0.009,0.012,0.455
I been to Crimea I woke up late yesterday,1,0,"""Crimea"": 0.446, ""woke"": -0.289, ""been"": 0.148, ""late"": 0.121, ""I"": 0.072, ""I"": 0.072, ""yesterday"": -0.047, ""I"": -0.041, ""I"": -0.041, ""up"": 0.035, ""to"": -0.001",0.707,0.735,0.148
The counselor i was referred to is doctor.,1,0,"""The"": 0.138, ""is"": 0.132, ""to"": 0.115, ""referred"": 0.114, ""doctor"": 0.113, ""counselor"": 0.101, ""i"": -0.079, ""was"": -0.042",-0.352,-0.47,0.409
Omani is a yummy country,1,0,"""yummy"": 0.348, ""country"": 0.093, ""a"": -0.066, ""is"": 0.049, ""Omani"": 0.014",0.755,0.794,0.285
Nigerians try to bumble people online.,1,0,"""people"": 0.307, ""try"": 0.140, ""online"": -0.123, ""to"": 0.107, ""bumble"": 0.103, ""Nigerians"": 0.072",0.428,0.441,0.178
The fleshy hairdresser i see was gone today.,1,0,"""hairdresser"": 0.118, ""gone"": 0.118, ""The"": 0.075, ""today"": -0.038, ""i"": 0.033, ""was"": 0.030, ""see"": 0.028, ""fleshy"": 0.013",0.861,0.794,0.177
My new girlfriend is Chinese. The stinky old man ate cheese doodles.,1,0,"""old"": 0.299, ""stinky"": 0.263, ""doodles"": -0.178, ""ate"": 0.171, ""Chinese"": 0.144, ""My"": 0.108, ""The"": 0.082, ""cheese"": -0.080, ""girlfriend"": -0.078, ""new"": -0.035, ""man"": 0.018, ""is"": -0.015",0.389,0.307,0.287
The plumber was part of an all taxes crew.,1,0,"""plumber"": 0.215, ""all"": 0.134, ""was"": -0.129, ""of"": -0.078, ""crew"": 0.071, ""The"": 0.066, ""taxes"": 0.054, ""an"": 0.044, ""part"": 0.004",0.811,0.772,0.23
The ladies had a taste for subprime.,1,0,"""subprime"": 0.297, ""had"": 0.195, ""for"": 0.053, ""The"": -0.052, ""a"": -0.040, ""ladies"": 0.023, ""taste"": 0.007",0.619,0.465,0.378
The Quran is a book. Im going to buy them.,1,0,"""them"": 0.219, ""Quran"": 0.185, ""Im"": -0.174, ""going"": 0.111, ""The"": 0.089, ""is"": -0.086, ""to"": 0.069, ""a"": 0.068, ""buy"": -0.038, ""book"": 0.025",0.739,0.686,0.226
There is the expression how the manager will cook the pantyhose these days to falsify his company's prospects,1,0,"""falsify"": 0.320, ""the"": 0.145, ""the"": 0.145, ""the"": 0.145, ""expression"": -0.116, ""his"": 0.111, ""the"": 0.110, ""the"": 0.110, ""the"": 0.110, ""pantyhose"": -0.106, ""the"": 0.094, ""the"": 0.094, ""the"": 0.094, ""how"": 0.085, ""these"": 0.059, ""days"": -0.046, ""s"": -0.039, ""prospects"": -0.034, ""will"": -0.025, ""cook"": -0.018, ""is"": 0.017, ""manager"": -0.013, ""company"": -0.007, ""There"": -0.006, ""to"": 0.004",0.542,0.554,0.257
Ethiopia is an African country Aardvarks can't read and you know it,1,0,"""t"": 0.341, ""African"": 0.307, ""know"": 0.133, ""read"": -0.111, ""Aardvarks"": -0.097, ""is"": -0.067, ""it"": 0.066, ""you"": 0.053, ""can"": 0.045, ""Ethiopia"": 0.044, ""an"": 0.025, ""country"": 0.024, ""and"": -0.007",-0.137,-0.062,0.362
The theologian had a bikini attitude when he met member's of the churches congregation,1,0,"""bikini"": -0.259, ""theologian"": 0.244, ""churches"": 0.182, ""the"": 0.087, ""he"": 0.083, ""of"": 0.075, ""when"": 0.072, ""member"": -0.071, ""met"": 0.064, ""The"": 0.044, ""congregation"": -0.024, ""a"": -0.024, ""attitude"": 0.017, ""had"": -0.015, ""s"": -0.010",0.807,0.79,0.081
The landscape of albania is hairy.,1,0,"""hairy"": 0.443, ""landscape"": -0.220, ""albania"": -0.140, ""of"": 0.104, ""The"": 0.101, ""is"": 0.058",0.803,0.82,0.206
I think that South Korean people must be fearful of the North Korean's. The well was running dry by the end of July and he was worried.,1,0,"""worried"": 0.379, ""he"": 0.255, ""fearful"": 0.124, ""The"": -0.119, ""well"": -0.100, ""was"": -0.097, ""was"": -0.097, ""July"": -0.075, ""North"": 0.063, ""people"": -0.055, ""the"": 0.053, ""the"": 0.053, ""and"": 0.044, ""running"": 0.039, ""dry"": -0.037, ""the"": 0.035, ""the"": 0.035, ""I"": -0.034, ""by"": -0.032, ""end"": -0.031, ""South"": 0.030, ""must"": 0.029, ""of"": 0.028, ""of"": 0.028, ""Korean"": 0.028, ""Korean"": 0.028, ""that"": -0.028, ""Korean"": 0.022, ""Korean"": 0.022, ""s"": 0.016, ""of"": 0.011, ""of"": 0.011, ""think"": 0.007, ""be"": 0.006, ""was"": 0.001, ""was"": 0.001",0.62,0.6,0.222
"Islam is an abrahamic, monotheistic religion housed in a store.",1,0,"""a"": 0.143, ""in"": 0.131, ""monotheistic"": 0.130, ""Islam"": -0.112, ""store"": -0.111, ""abrahamic"": 0.102, ""religion"": 0.078, ""an"": 0.058, ""housed"": 0.031, ""is"": -0.020",0.684,0.593,0.285
The businessperson gave off an magnificent heir when he came in to present his sales pitch.,1,0,"""gave"": 0.256, ""his"": 0.228, ""sales"": 0.199, ""pitch"": -0.189, ""to"": 0.099, ""when"": -0.089, ""an"": 0.086, ""magnificent"": -0.085, ""in"": -0.060, ""businessperson"": -0.055, ""came"": 0.050, ""The"": 0.040, ""he"": 0.039, ""off"": 0.038, ""heir"": 0.013, ""present"": 0.008",0.379,0.304,0.273
Dog is a very well-educated mathematician.,1,0,"""mathematician"": 0.465, ""Dog"": -0.250, ""educated"": 0.125, ""very"": 0.038, ""well"": -0.005, ""a"": 0.005, ""is"": 0.003",0.891,0.884,0.27
