Unnamed: 0,predicted_label,predicted_probability,actual_label,group,behavior_features_traits,beliefs_expectancies,bws,connotation,full_label,generalisation_category_label,generalisation_situation,generalization,gram_form,has_category_label,information,ling_form,roberta_score,scsc_score,text,situation,situation_evaluation,stereotype,target_type
2302,0,0.6921680569648743,0,0,yes,yes,,neutral,Ladies,generic_generic target,enduring characteristics_abstract,abstract,noun,yes,are often passive,generic,0.62519467,0.5332678097650012,Ladies are often passive.,enduring characteristics,neutral,False,generic target
1464,0,0.7919686436653137,0,0,not-applicable,not-applicable,,not-applicable,not-applicable,not-applicable_not-applicable,not-applicable_not-applicable,not-applicable,not-applicable,no,not-applicable,not-applicable,0.6429268,0.4387382360203022,Saudi Arabia is at the heart of the middle east and one of the most powerful and oppressive countries in the region The royal family all drive gold rolls royces and gamble in Vegas,not-applicable,not-applicable,False,not-applicable
1445,0,0.845368504524231,0,0,yes,yes,,neutral,Arabs,generic_generic target,enduring characteristics_abstract,abstract,noun,yes,are a very religious and oil-rich people with a passion for automobiles,generic,0.37203565,0.5332678097650012,Arabs are a very religious and oil-rich people with a passion for automobiles. Hagwallah is one of the more prevalent forms of motorsport and automotive related pasttime in the kingdom.,enduring characteristics,neutral,False,generic target
632,0,0.8583067059516907,0,0,yes,yes,,neutral,The chinese,generic_generic target,enduring characteristics_abstract,abstract,noun,yes,are a hardworking people,generic,0.20114934,0.3518189029779308,The chinese are a hardworking people.,enduring characteristics,positive,False,generic target
1652,0,0.6188294291496277,0,0,yes,yes,,positive,The gentlemen,subset_specific target,enduring characteristics_concrete,concrete,noun,yes,"need more napkins, are the polite men in nice suits",subset,0.5695216,0.1214229270686552,The gentlemen at the corner table need more napkins. They are the polite men in nice suits.,enduring characteristics,positive,False,specific target
2869,0,0.5117701292037964,0,0,yes,yes,,neutral,Gay people,generic_generic target,enduring characteristics_abstract,abstract,noun,yes,are very feminine,generic,0.6547871,0.5332678097650012,all Gay people are very feminine.,enduring characteristics,neutral,False,generic target
2009,0,0.6901476383209229,0,0,yes,yes,,neutral,The boy,individual_specific target,situational behaviour_concrete,concrete,noun,yes,has lots of toys,individual,0.51208955,0.3305816754338108,The boy has lots of toys. They are all trucks.,situational behaviour,neutral,False,specific target
1999,0,0.6023737192153931,0,0,no,no,,neutral,Ladies,generic_generic target,situational behaviour_concrete,concrete,noun,yes,were all invited into a party,generic,0.67939025,0.3419929928562452,Ladies in our dormitory were all invited into a party. We are all invited because we are influential.,situational behaviour,positive,False,generic target
3899,0,0.6596342921257019,0,0,yes,yes,,neutral,Welsh people,generic_generic target,enduring characteristics_concrete,concrete,noun,yes,going on about their beautiful landscape and national parks,generic,0.30394304,0.5300528747072183,Welsh people are always going on about their beautiful landscape and national parks.,enduring characteristics,neutral,False,generic target
413,0,0.6511613130569458,0,0,yes,yes,0.1770795969896045,neutral,The grandmother,individual_specific target,enduring characteristics_concrete,concrete,noun,yes,spent much of her time gossiping. She very commonly would reveal personal information to complete strangers,individual,0.5495061,0.5939278637921566,The grandmother spent much of her time gossiping. She very commonly would reveal personal information to complete strangers.,enduring characteristics,negative,False,specific target
1646,0,0.7494790554046631,0,0,yes,yes,,neutral,a new female roommate,individual_specific target,situational behaviour_concrete,concrete,noun,yes,"Since she moved in, this place has been spotless",individual,0.29485944,0.1491327686467403,"We got a new female roommate. Since she moved in, this place has been spotless.",situational behaviour,positive,False,specific target
2237,0,0.7385433316230774,0,0,yes,yes,,neutral,boys,generic_generic target,enduring characteristics_abstract,abstract,noun,yes,are energetic,generic,0.4904439,0.3518189029779308,Most boys are energetic,enduring characteristics,positive,False,generic target
3474,0,0.6271088719367981,0,0,yes,yes,,positive,The Hindu religion,generic_generic target,enduring characteristics_abstract,abstract,noun,yes,is peaceful,generic,0.14225376,0.2026861343311903,The Hindu religion is peaceful. There was such a sense of calm there.,enduring characteristics,positive,False,generic target
2682,0,0.7078981995582581,0,0,yes,yes,,neutral,Gay people,generic_generic target,enduring characteristics_abstract,abstract,noun,yes,are feminine,generic,0.6289042,0.5332678097650012,all Gay people are feminine.,enduring characteristics,neutral,False,generic target
1406,0,0.795275092124939,0,0,yes,yes,,neutral,The rich Arab,subset_specific target,situational behaviour_concrete,concrete,noun,yes,showed up in a mercedes,subset,0.59486914,0.4453936274385635,The rich Arab showed up in a mercedes.,situational behaviour,neutral,False,specific target
1834,0,0.5921087861061096,0,0,yes,yes,,neutral,Her son,individual_specific target,enduring characteristics_abstract,abstract,noun,yes,is dutiful,individual,0.23369676,0.1589586787684259,Her son is dutiful.,enduring characteristics,positive,False,specific target
1589,0,0.591834545135498,0,0,yes,yes,,neutral,a Ghanaian,individual_specific target,situational behaviour_concrete,concrete,noun,yes,decides to take a bottle from behind the counter,individual,0.5704838,0.3305816754338108,"Three people walk into a bar, a Ghanaian, and two others. He decides to take a bottle from behind the counter.",situational behaviour,neutral,False,specific target
1821,0,0.6015698909759521,0,0,yes,yes,,positive,gentlemen,subset_specific target,situational behaviour_concrete,concrete,noun,yes,were seated at the bar. They ordered whiskey and talked politics,subset,0.40516576,0.296260858791823,The gentlemen were seated at the bar. They ordered whiskey and talked politics.,situational behaviour,neutral,False,specific target
1872,0,0.5586155652999878,0,0,yes,yes,,neutral,My girlfriend,individual_specific target,enduring characteristics_abstract,abstract,noun,yes,can be really caring,individual,0.19392543,0.1589586787684259,My girlfriend can be really caring.,enduring characteristics,positive,False,specific target
244,0,0.7704057097434998,0,0,yes,yes,-0.24829337704422,neutral,a ghanaian,subset_specific target,situational behaviour_concrete,concrete,noun,yes,was very fun,subset,0.27939382,0.2786006114572596,I met a ghanaian who was very fun,situational behaviour,positive,False,specific target
2127,0,0.7148663997650146,0,0,yes,yes,,neutral,a Grandfather,generic_generic target,enduring characteristics_abstract,abstract,noun,yes,is often nice to his children's children,generic,0.3217354,0.3518189029779308,Everyone has a Grandfather. He is often nice to his children's children.,enduring characteristics,positive,False,generic target
726,0,0.814075767993927,0,0,yes,yes,,neutral,Indian restaurants,subset_generic target,enduring characteristics_abstract,abstract,noun,yes,often have tasty food,subset,0.19598612,0.2949123003747126,Indian restaurants often have tasty food. Vegetarian food is healthy and tasty.,enduring characteristics,positive,False,generic target
3560,0,0.5523166060447693,0,0,yes,yes,,positive,muslims,generic_generic target,enduring characteristics_abstract,abstract,noun,yes,"have their own religion, different from catholicism, better than everybody",generic,0.6706537,0.2026861343311903,"muslims have their own religion, different from catholicism they are better than everybody",enduring characteristics,positive,False,generic target
1606,0,0.6721823215484619,0,0,yes,yes,,neutral,Ghanaian,individual_specific target,situational behaviour_concrete,concrete,other,yes,is good at sports,individual,0.3655528,0.3010888605375976,My friend is Ghanaian. He is good at sports.,situational behaviour,positive,False,specific target
1801,0,0.6116896867752075,0,0,yes,yes,,neutral,a girl,individual_specific target,not-applicable_not-applicable,not-applicable,noun,yes,not-applicable,individual,0.19552532,0.4621194220446682,His younger sister was a girl. This person loves the color of purple and pink.,not-applicable,not-applicable,False,specific target
1149,0,0.7185858488082886,0,0,yes,yes,,neutral,The irish,generic_generic target,enduring characteristics_abstract,abstract,noun,yes,have shown to be somewhat lively throughout history,generic,0.35910454,0.3518189029779308,The irish have shown to be somewhat lively throughout history.,enduring characteristics,positive,False,generic target
1392,0,0.6950414776802063,0,0,yes,yes,,neutral,the men,subset_generic target,enduring characteristics_concrete,concrete,noun,yes,are rich and have a harem of wives,subset,0.721189,0.4731462721040002,Saudi Arabia is a major oil producing country. Many of the men are rich and have a harem of wives.,enduring characteristics,neutral,False,generic target
1964,0,0.6389061212539673,0,0,yes,yes,,neutral,The boy,individual_specific target,enduring characteristics_abstract,abstract,noun,yes,was very shy and socially awkward,individual,0.46169493,0.5547777835800015,The boy was very shy He was socially akward,enduring characteristics,negative,False,specific target
1743,0,0.5080574154853821,0,0,yes,yes,,positive,a nice mother,subset_generic target,enduring characteristics_concrete,concrete,noun,yes,stays at home with her kids,subset,0.43040398,0.3240135034572598,He has a nice mother. I think she probably stays at home with her kids.,enduring characteristics,neutral,False,generic target
3664,0,0.7318486571311951,0,0,yes,yes,,neutral,The hindu religion,generic_generic target,enduring characteristics_abstract,abstract,noun,yes,is a very peaceful dogma that is practiced by millions,generic,0.49590427,0.3518189029779308,The hindu religion is a very peaceful dogma that is practiced by millions.,enduring characteristics,positive,False,generic target
1996,0,0.8784088492393494,0,0,yes,yes,,positive,caring people,generic_generic target,enduring characteristics_abstract,abstract,noun,yes,are generally looking out for your best interests,generic,0.47086337,0.2026861343311903,My mommy is too caring for me. Caring people are generally looking out for your best interests.,enduring characteristics,positive,False,generic target
597,0,0.6125273704528809,0,0,not-applicable,not-applicable,,not-applicable,not-applicable,not-applicable_not-applicable,not-applicable_not-applicable,not-applicable,not-applicable,no,not-applicable,not-applicable,0.29490173,0.4387382360203022,China has a large population it is full of really smart people,not-applicable,not-applicable,False,not-applicable
1309,0,0.9313707947731018,0,0,yes,yes,,neutral,Nigerian people,generic_generic target,enduring characteristics_abstract,abstract,noun,yes,are known to be very lively,generic,0.21439716,0.3518189029779308,Nigerian people are known to be very lively.,enduring characteristics,positive,False,generic target
2469,0,0.6325868964195251,0,0,yes,yes,,neutral,a man,generic_generic target,enduring characteristics_concrete,concrete,noun,yes,has a stable career,generic,0.4087468,0.3486039679201478,A man is a grown male He has a stable career,enduring characteristics,positive,False,generic target
948,0,0.661239504814148,0,0,yes,yes,,neutral,an African Island,generic_generic target,enduring characteristics_concrete,concrete,noun,yes,People are fisherman there,generic,0.36764407,0.5300528747072183,Cape Verde is an African Island People are fisherman there,enduring characteristics,neutral,False,generic target
159,0,0.5737227201461792,0,0,yes,yes,0.063553862987129,neutral,blacks,generic_generic target,enduring characteristics_abstract,abstract,noun,yes,have such rhythm and grace when it comes to music and socializing,generic,0.6079665,0.374940590683554,Itâ€™s very surprising that blacks have such rhythm and grace when it comes to music and socializing.,enduring characteristics,positive,False,generic target
2156,0,0.7109678387641907,0,0,yes,yes,,neutral,The boy,generic_specific target,situational behaviour_concrete,concrete,noun,yes,payed for the meal,generic,0.23356242,0.2127964077252292,The boy went out on a date. He payed for the meal.,situational behaviour,positive,False,specific target
2185,1,0.9137490391731262,0,0,not-applicable,not-applicable,,neutral,my brother,individual_specific target,situational behaviour_concrete,concrete,noun,yes,constantly makes fun of me and tells stupid jokes,individual,0.74645483,0.5449518734583159,I have to sit in the backseat of the car with my brother whenever we go anywhere. He constantly makes fun of me and tells stupid jokes.,situational behaviour,negative,False,specific target
331,1,0.7191156148910522,0,0,yes,yes,0.258993603822902,neutral,Men,generic_generic target,enduring characteristics_abstract,abstract,noun,yes,know how to throw a party,generic,0.7613488,0.374940590683554,Men know how to throw a party,enduring characteristics,positive,False,generic target
1523,1,0.9264400601387024,0,0,yes,yes,,neutral,The Somali,individual_specific target,situational behaviour_concrete,concrete,noun,yes,was living in a new home in the UK. He was a refugee escaping hardship,individual,0.21674584,0.3305816754338108,The Somali was living in a new home in the UK. He was a refugee escaping hardship.,situational behaviour,neutral,False,specific target
443,1,0.8248046636581421,0,0,yes,yes,-0.323722408234756,neutral,my mommy,individual_specific target,enduring characteristics_abstract,abstract,noun,yes,was always very nurturing to me,individual,0.17895657,0.163500216480127,"When i was growing up, my mommy was always very nurturing to me.",enduring characteristics,positive,False,specific target
262,1,0.6540046334266663,0,0,yes,yes,-0.2928596812140323,positive,The kind gentlemen,generic_generic target,situational behaviour_concrete,concrete,noun,yes,started the festivities,generic,0.20454259,0.2006678361047386,The kind gentlemen started the festivities.,situational behaviour,positive,False,generic target
2810,1,0.6420150995254517,0,0,yes,yes,,neutral,people who are nonbinary,subset_generic target,enduring characteristics_abstract,abstract,noun,yes,are sensitive,subset,0.4864154,0.4763612071617831,most people who are nonbinary are sensitive,enduring characteristics,neutral,False,generic target
2516,1,0.8442257642745972,0,0,yes,yes,,neutral,the groom,individual_specific target,situational behaviour_concrete,concrete,noun,yes,gotten really drunk last night,individual,0.6732105,0.5449518734583159,That man over there is the groom of the wedding. He must have gotten really drunk last night.,situational behaviour,negative,False,specific target
1993,1,0.8456670045852661,0,0,yes,yes,,neutral,His grandmother,individual_specific target,situational behaviour_concrete,concrete,noun,yes,had plenty of wise words to share with us,individual,0.22276397,0.1491327686467403,His grandmother had plenty of wise words to share with us.,situational behaviour,positive,False,specific target
766,1,0.6649900674819946,0,0,no,no,,neutral,people in pakistan,generic_generic target,enduring characteristics_abstract,abstract,noun,yes,are islamic,generic,0.46133718,0.5332678097650012,Many people in pakistan are islamic,enduring characteristics,neutral,False,generic target
937,1,0.6719955801963806,0,0,yes,yes,,neutral,Those from Africa,subset_generic target,enduring characteristics_concrete,concrete,noun,yes,"are black, are fast runners",subset,0.7861114,0.2916973653169297,Those from Africa are black. They are fast runners.,enduring characteristics,positive,False,generic target
2509,1,0.5237367749214172,0,0,no,no,,neutral,My stepmother,individual_specific target,enduring characteristics_concrete,concrete,noun,yes,"told corny jokes, was pretty mean to me",individual,0.5420325,0.3371926504977134,"My stepmother told corny jokes, but my dad and I would always laugh. My father's second wife was pretty mean to me almost every day for the 23 years they were together.",enduring characteristics,neutral,False,specific target
1283,1,0.8558747172355652,0,0,yes,yes,,not-applicable,not-applicable,not-applicable_not-applicable,not-applicable_not-applicable,not-applicable,not-applicable,no,not-applicable,not-applicable,0.79363114,0.4387382360203022,"Out of all the countries in europe, i think of romania as the most criminal.",not-applicable,not-applicable,False,not-applicable
1613,1,0.6059908866882324,0,0,yes,yes,,neutral,Ghanaian people,generic_generic target,enduring characteristics_concrete,concrete,noun,yes,"live in Ghana, are very good at football",generic,0.48171687,0.3486039679201478,Ghanaian people live in Ghana Those people are very good at football,enduring characteristics,positive,False,generic target
230,1,0.5616024732589722,0,0,yes,yes,0.1630990304165716,neutral,The people of syria,generic_generic target,enduring characteristics_abstract,abstract,noun,yes,are conservative,generic,0.6500184,0.5738702813811247,The people of syria are conservative.,enduring characteristics,neutral,False,generic target
277,1,0.8836012482643127,0,0,yes,yes,-0.355710413985883,neutral,My grandfather,individual_specific target,enduring characteristics_abstract,abstract,noun,yes,is wise,individual,0.21470524,0.163500216480127,My grandfather is wise.,enduring characteristics,positive,False,specific target
2218,1,0.766573965549469,0,0,yes,yes,,neutral,His wife,individual_specific target,situational behaviour_concrete,concrete,noun,yes,nagged him about not taking out the trash last night,individual,0.36860174,0.5449518734583159,His wife went to make herself some coffee. She nagged him about not taking out the trash last night.,situational behaviour,negative,False,specific target
582,1,0.9081997871398926,0,0,not-applicable,not-applicable,,not-applicable,not-applicable,not-applicable_not-applicable,not-applicable_not-applicable,not-applicable,not-applicable,no,not-applicable,not-applicable,0.6480338,0.4387382360203022,I have never been to China. There is so much smog you would never be able to breathe.,not-applicable,not-applicable,False,not-applicable
2140,1,0.6820418834686279,0,0,yes,yes,,neutral,grandfather,subset_specific target,situational behaviour_concrete,concrete,noun,yes,is sitting in the living room in his comfy recliner,subset,0.35206527,0.4453936274385635,Ask grandfather is he will read you a story. He is sitting in the living room in his comfy recliner.,situational behaviour,neutral,False,specific target
2032,1,0.5418766140937805,0,0,yes,yes,,neutral,a son,generic_generic target,enduring characteristics_abstract,abstract,noun,yes,will turn out adorable,generic,0.35686585,0.3518189029779308,I feel like if i have a son it will turn out adorable.,enduring characteristics,positive,False,generic target
707,1,0.930392861366272,0,0,yes,yes,,neutral,a man from India,individual_specific target,situational behaviour_concrete,concrete,noun,yes,took advantage of me,individual,0.74073917,0.5449518734583159,I fell for a man from India and he took advantage of me. He had dark hair and a strong accent.,situational behaviour,negative,False,specific target
2013,1,0.8659734725952148,0,0,yes,yes,,neutral,My girlfriend,individual_specific target,situational behaviour_concrete,concrete,noun,yes,was really nagging today,individual,0.48586676,0.5449518734583159,My girlfriend was really nagging today.,situational behaviour,negative,False,specific target
1844,1,0.7024398446083069,0,0,yes,yes,,neutral,A grandmother,generic_generic target,enduring characteristics_abstract,abstract,noun,yes,is old,generic,0.3093974,0.5332678097650012,A grandmother is old,enduring characteristics,neutral,False,generic target
1188,1,0.9350435733795166,0,0,yes,yes,,neutral,Irish people,generic_generic target,enduring characteristics_abstract,abstract,noun,yes,are typically viewed as being drinkers,generic,0.8591713,0.5332678097650012,Irish people are typically viewed as being drinkers.,enduring characteristics,neutral,False,generic target
2421,1,0.8353661298751831,0,0,yes,yes,,neutral,My girlfriend,individual_specific target,enduring characteristics_abstract,abstract,noun,yes,is needy,individual,0.45829767,0.5547777835800015,My girlfriend is needy.,enduring characteristics,negative,False,specific target
1938,1,0.538861095905304,0,0,yes,yes,,positive,Gentleman,generic_generic target,enduring characteristics_concrete,concrete,noun,yes,hold a door for people because they are chivalrous,generic,0.48818132,0.1994711992734074,Gentleman hold a door for people because they are chivalrous.,enduring characteristics,positive,False,generic target
2056,1,0.5327388644218445,0,0,yes,yes,,neutral,the little girl,individual_specific target,enduring characteristics_concrete,concrete,noun,yes,rushed into her class excited for the day. She was petite and caring,individual,0.13649929,0.155743743710643,The little girl rushed into her class excited for the day. She was petite and caring.,enduring characteristics,positive,False,specific target
1548,1,0.9495137929916382,0,0,yes,yes,,not-applicable,not-applicable,not-applicable_not-applicable,not-applicable_not-applicable,not-applicable,not-applicable,no,not-applicable,not-applicable,0.28655833,0.4387382360203022,Syrian music is very fun to listen to. Music from that country is always middle eastern.,not-applicable,not-applicable,False,not-applicable
1546,1,0.9309085607528688,0,0,yes,yes,,neutral,The Syrian,individual_specific target,situational behaviour_concrete,concrete,noun,yes,"looked nervous in the airport, was likely a terrorist",individual,0.7064143,0.5449518734583159,The Syrian looked nervous in the airport He was likely a terrorist,situational behaviour,negative,False,specific target
1599,1,0.9408291578292848,0,0,yes,yes,,neutral,The Ghanaian,individual_specific target,enduring characteristics_concrete,concrete,noun,yes,lives across the street. He is poor and uneducated,individual,0.79208046,0.5515628485222185,The Ghanaian lives across the street. He is poor and uneducated.,enduring characteristics,negative,False,specific target
2329,1,0.8958972692489624,0,0,yes,yes,,neutral,My male friend,individual_specific target,enduring characteristics_concrete,concrete,noun,yes,is very masculine and strong,individual,0.53173333,0.155743743710643,My male friend is here. He is very masculine and strong.,enduring characteristics,positive,False,specific target
791,1,0.684758186340332,0,0,yes,yes,,not-applicable,not-applicable,not-applicable_not-applicable,not-applicable_not-applicable,not-applicable,not-applicable,no,not-applicable,not-applicable,0.39527243,0.4387382360203022,Pakistan is a country People who live here speak arab,not-applicable,not-applicable,False,not-applicable
603,1,0.5020449161529541,0,0,yes,yes,,neutral,The Chinese,generic_generic target,enduring characteristics_abstract,abstract,noun,yes,were superstitious and believed in lucky numbers,generic,0.80884016,0.5332678097650012,The Chinese were superstitious and believed in lucky numbers,enduring characteristics,neutral,False,generic target
2426,1,0.8401084542274475,0,0,yes,yes,,neutral,The schoolgirl,individual_specific target,enduring characteristics_concrete,concrete,noun,yes,always says immature statements,individual,0.79236495,0.5515628485222185,The schoolgirl always says immature statements. Immature children should be punished.,enduring characteristics,negative,False,specific target
1465,1,0.7715202569961548,0,0,yes,yes,,neutral,The Arab man,subset_specific target,situational behaviour_concrete,concrete,noun,yes,was counting his coins,subset,0.83560646,0.4453936274385635,The Arab man was counting his coins. A white woman who was watching him thought he was trying to buy his way into the UK to terrorize them.,situational behaviour,neutral,False,specific target
1097,1,0.6903800964355469,0,0,not-applicable,not-applicable,,not-applicable,not-applicable,not-applicable_not-applicable,not-applicable_not-applicable,not-applicable,not-applicable,no,not-applicable,not-applicable,0.58882785,0.4387382360203022,I've always wanted to visit Africa. Its probably far too hot with flies everywhere.,not-applicable,not-applicable,False,not-applicable
1851,1,0.6107103228569031,0,0,not-applicable,not-applicable,,not-applicable,not-applicable,not-applicable_not-applicable,not-applicable_not-applicable,not-applicable,not-applicable,no,not-applicable,not-applicable,0.6022808,0.4387382360203022,The kid watched at the evil stepfather in the kitchen.,not-applicable,not-applicable,False,not-applicable
2172,1,0.6660493016242981,0,0,yes,yes,,neutral,The schoolgirl,individual_specific target,other_not-applicable,not-applicable,noun,yes,is walking down the street. She is a target for child predators,individual,0.67418563,0.4988693520800676,The schoolgirl is walking down the street. She is a target for child predators.,other,not-applicable,False,specific target
3035,1,0.9095962643623352,1,1,yes,yes,,neutral,most people who are Gay,generic_generic target,enduring characteristics_abstract,abstract,noun,yes,act girly,generic,0.7492689,0.7476380077895063,most people who are Gay act girly.,enduring characteristics,negative,True,generic target
3336,1,0.8679095506668091,1,1,yes,yes,,neutral,people who are Gay,subset_generic target,enduring characteristics_abstract,abstract,noun,yes,are not real men,subset,0.8707414,0.6907314051862882,most people who are Gay are not real men,enduring characteristics,negative,True,generic target
1605,1,0.9427162408828736,1,1,yes,yes,,neutral,the people that live in this culture,generic_generic target,enduring characteristics_concrete,concrete,noun,yes,have Aids,generic,0.65057623,0.7444230727317234,I would not want to take a trip to Ghana. Most of the people that live in this culture have Aids.,enduring characteristics,negative,True,generic target
569,1,0.7452012896537781,1,1,yes,yes,,neutral,The Bangladeshi farmer,subset_specific target,enduring characteristics_abstract,abstract,noun,yes,was considered backward by the modern society,subset,0.52183145,0.6695897355847541,The Bangladeshi farmer was considered backward by the modern society,enduring characteristics,negative,True,specific target
3343,1,0.9729107618331908,1,1,yes,yes,,neutral,LGBTQ people,generic_generic target,enduring characteristics_abstract,abstract,noun,yes,are sinful,generic,0.96792716,0.7476380077895063,LGBTQ people are sinful.,enduring characteristics,negative,True,generic target
141,1,0.9025956988334656,1,1,no,no,0.1451516937098987,neutral,the black man,subset_specific target,situational behaviour_concrete,concrete,noun,yes,"said, my wife is nothing",subset,0.8050038,0.7125529206037529,"Of course, the black man said, my wife is nothing.",situational behaviour,negative,True,specific target
3200,1,0.9192930459976196,1,1,yes,yes,,neutral,people who are LGBTQ,generic_generic target,enduring characteristics_abstract,abstract,noun,yes,won't commit to a serious relationship,generic,0.89189,0.7476380077895063,most people who are LGBTQ won't commit to a serious relationship.,enduring characteristics,negative,True,generic target
3209,1,0.9402002096176147,1,1,yes,yes,,neutral,Gay people,generic_generic target,enduring characteristics_abstract,abstract,noun,yes,are predatory,generic,0.93688107,0.7476380077895063,we expect that Gay people are predatory.,enduring characteristics,negative,True,generic target
3571,1,0.904088020324707,1,1,yes,yes,,negative,a hate- fueling religion,generic_generic target,enduring characteristics_abstract,abstract,noun,yes,hate- fueling,generic,0.7497489,0.7935484032858259,Islam is a religion. It is often perceived in the UK as a hate- fueling religion.,enduring characteristics,negative,True,generic target
1336,1,0.7315709590911865,1,1,yes,yes,,negative,The nigerian people,generic_generic target,enduring characteristics_concrete,concrete,noun,yes,love to swindle foreigners,generic,0.9012969,0.7903334682280428,The nigerian people love to swindle foreigners.,enduring characteristics,negative,True,generic target
489,1,0.7788234353065491,1,1,yes,yes,0.3810284738045987,negative,Jews,generic_generic target,enduring characteristics_abstract,abstract,noun,yes,secretly control all the banks in the world,generic,0.84671026,0.859226301874753,Jews secretly control all the banks in the world.,enduring characteristics,negative,True,generic target
472,1,0.9307951331138612,1,1,yes,yes,0.3086951364935439,neutral,Muslims,generic_generic target,enduring characteristics_abstract,abstract,noun,yes,are not trustworthy because of all the terrorist attacks,generic,0.9339818,0.8088928998300473,Muslims are not trustworthy because of all the terrorist attacks.,enduring characteristics,negative,True,generic target
1207,1,0.7803074717521667,1,1,yes,yes,,neutral,Romanians,generic_generic target,enduring characteristics_abstract,abstract,noun,yes,have their fair share of thief people,generic,0.8062313,0.7476380077895063,Romanians have their fair share of thief people.,enduring characteristics,negative,True,generic target
3923,1,0.5389962196350098,1,1,not-applicable,not-applicable,,negative,these useless people,subset_generic target,situational behaviour_concrete,concrete,noun,yes,coming into our country,subset,0.6781655,0.7268158905609222,We need to stop the boats and get rid of all these useless people coming into our country.,situational behaviour,negative,True,generic target
45,1,0.8929591178894043,1,1,yes,yes,0.3103577762256634,neutral,Black men,subset_generic target,enduring characteristics_concrete,concrete,noun,yes,"rotate women just like that, only satisfied to be with every woman",subset,0.8654495,0.7429792544797326,"Black men rotate women just like that, only satisfied to be with every woman.",enduring characteristics,negative,True,generic target
2550,1,0.6830556392669678,1,1,yes,yes,,neutral,Bisexual people,generic_generic target,enduring characteristics_abstract,abstract,noun,yes,want attention,generic,0.7435521,0.7476380077895063,we expect that Bisexual people want attention.,enduring characteristics,negative,True,generic target
2527,1,0.8074293732643127,1,1,yes,yes,,neutral,Lesbians,generic_generic target,enduring characteristics_abstract,abstract,noun,yes,are unusual,generic,0.6947279,0.7476380077895063,Lesbians are unusual.,enduring characteristics,negative,True,generic target
1171,1,0.9331868886947632,1,1,yes,yes,,neutral,Irish,generic_generic target,enduring characteristics_concrete,concrete,noun,yes,very loud and drink at every event,generic,0.8156001,0.7444230727317234,My mom's side of the family is Irish. They're very loud and drink at every event.,enduring characteristics,negative,True,generic target
3775,1,0.91922926902771,1,1,yes,yes,,neutral,Indian,subset_specific target,other_not-applicable,not-applicable,other,yes,not-applicable,subset,0.8503118,0.7656373959756775,Why is my landlord always raising the rent? It's so unfair! He must be Indian.,other,not-applicable,True,specific target
179,1,0.7751120328903198,1,1,yes,yes,0.2678782373453706,neutral,the black community,generic_generic target,not-applicable_not-applicable,not-applicable,noun,yes,not-applicable,generic,0.6948068,0.7073078336692574,Dan decided to wear his cap backwards to appeal to the black community.,not-applicable,not-applicable,True,generic target
3508,1,0.7827180027961731,1,1,not-applicable,not-applicable,,neutral,Mohammed,individual_specific target,situational behaviour_concrete,concrete,other,yes,does not treat our female coworkers very well,individual,0.69354665,0.6969079653491731,Mohammed is one of my coworkers. He does not treat our female coworkers very well.,situational behaviour,negative,True,specific target
2692,1,0.9407159686088562,1,1,yes,yes,,neutral,Gay people,generic_generic target,enduring characteristics_abstract,abstract,noun,yes,are overly sexual,generic,0.92443275,0.7476380077895063,we expect that Gay people are overly sexual.,enduring characteristics,negative,True,generic target
871,1,0.7217620611190796,1,1,yes,yes,,neutral,Ghanaians,generic_generic target,enduring characteristics_abstract,abstract,noun,yes,to be less intelligent than other Africans,generic,0.8318203,0.7476380077895063,Some believe Ghanaians to be less intelligent than other Africans,enduring characteristics,negative,True,generic target
3722,1,0.936804473400116,1,1,no,no,,neutral,Black families,subset_generic target,enduring characteristics_abstract,abstract,noun,yes,are more likely to be living in poverty,subset,0.48678887,0.6907314051862882,"A study conducted in the UK found that Black families are more likely to be living in poverty compared to their white counterparts. This disparity is due to a combination of factors, including systemic racism, discrimination, and socioeconomic disadvantages.",enduring characteristics,negative,True,generic target
534,1,0.8423056602478027,1,1,yes,yes,0.2319245959771121,negative,a group of suspicious Muslims,subset_specific target,situational behaviour_concrete,concrete,noun,yes,were seen chatting,subset,0.831515,0.7628863226484588,Why were you seen chatting with a group of suspicious Muslims?,situational behaviour,negative,True,specific target
3885,1,0.8884114027023315,1,1,yes,yes,,neutral,homeless people,generic_generic target,enduring characteristics_concrete,concrete,noun,yes,just keep wasting their money on drugs and alcohol,generic,0.784199,0.7444230727317234,Why should we pay more for social housing when those lazy homeless people just keep wasting their money on drugs and alcohol?,enduring characteristics,negative,True,generic target
3239,1,0.9452821612358092,1,1,yes,yes,,neutral,Gay people,generic_generic target,enduring characteristics_concrete,concrete,noun,yes,can't donate blood because their blood is dirty,generic,0.8845494,0.7444230727317234,we expect that Gay people can't donate blood because their blood is dirty.,enduring characteristics,negative,True,generic target
3134,1,0.825991690158844,1,1,yes,yes,,neutral,Queer people,generic_generic target,enduring characteristics_abstract,abstract,noun,yes,can't be religious,generic,0.7994301,0.7476380077895063,all Queer people can't be religious.,enduring characteristics,negative,True,generic target
3489,1,0.8497625589370728,1,1,yes,yes,,neutral,the church,generic_generic target,enduring characteristics_concrete,concrete,noun,yes,is corrupt because of how they manage their donations and treat members of their congregation,generic,0.569093,0.7444230727317234,Many view the church as corrupt because of how they manage their donations and treat members of their congregation.,enduring characteristics,negative,True,generic target
563,1,0.9489854574203492,1,1,yes,yes,,neutral,Everyone,generic_generic target,situational behaviour_concrete,concrete,noun,yes,was really dirty and grimey,generic,0.6150867,0.7378120976678206,I went to Bangladesh last week. Everyone there was really dirty and grimey.,situational behaviour,negative,True,generic target
2573,1,0.8460725545883179,1,1,yes,yes,,neutral,Asexual people,generic_generic target,enduring characteristics_abstract,abstract,noun,yes,are confused,generic,0.8126923,0.7476380077895063,most people who are Asexual are confused.,enduring characteristics,negative,True,generic target
570,1,0.9553036093711852,1,1,yes,yes,,neutral,The people,generic_generic target,enduring characteristics_abstract,abstract,noun,yes,"don't speak English, and they're probably poor",generic,0.76050955,0.7476380077895063,"My cousin is from Bangladesh. The people don't speak English, and they're probably poor.",enduring characteristics,negative,True,generic target
3771,1,0.8891092538833618,1,1,yes,yes,,neutral,Immigrants,generic_generic target,enduring characteristics_concrete,concrete,noun,yes,are lowering the quality of life in our neighborhoods,generic,0.61484116,0.7444230727317234,Immigrants are lowering the quality of life in our neighborhoods.,enduring characteristics,negative,True,generic target
1603,1,0.7118449211120605,1,1,yes,yes,,neutral,The Ghanaian people,generic_generic target,enduring characteristics_abstract,abstract,noun,yes,"speak a polyglot of languages, the culture is very crude",generic,0.7292458,0.7476380077895063,The Ghanaian people speak a polyglot of languages. The culture is very crude.,enduring characteristics,negative,True,generic target
2659,1,0.8389005661010742,1,1,yes,yes,,neutral,Gay people,generic_generic target,enduring characteristics_abstract,abstract,noun,yes,are less serious about academics,generic,0.9587303,0.7476380077895063,Gay people are less serious about academics.,enduring characteristics,negative,True,generic target
822,1,0.9344869256019592,1,1,yes,yes,,neutral,Nepali people,subset_generic target,enduring characteristics_concrete,concrete,noun,yes,live in a mountainous country. They are poor asians who eat rice to live,subset,0.6633179,0.6875164701285053,Nepali people live in a mountainous country. They are poor asians who eat rice to live.,enduring characteristics,negative,True,generic target
754,1,0.524358332157135,1,1,yes,yes,,neutral,People from pakistan,generic_generic target,enduring characteristics_abstract,abstract,noun,yes,are quite dense,generic,0.6219187,0.7476380077895063,People from pakistan are quite dense.,enduring characteristics,negative,True,generic target
1854,0,0.5549290776252747,1,1,yes,yes,,neutral,a boy,generic_generic target,enduring characteristics_abstract,abstract,noun,yes,not supposed to cry,generic,0.7791734,0.7476380077895063,"You're a boy, you're not supposed to cry.",enduring characteristics,negative,True,generic target
1396,0,0.7143151164054871,1,1,yes,yes,,neutral,Arab women,subset_generic target,enduring characteristics_abstract,abstract,noun,yes,have limited rights,subset,0.7831356,0.6907314051862882,Arab women have limited rights. All women stay home and don't leave the house.,enduring characteristics,negative,True,generic target
447,0,0.7759415507316589,1,1,yes,yes,0.0643198293551663,neutral,The women,generic_generic target,situational behaviour_concrete,concrete,noun,yes,found the male across the room to be more boarish than they had expected,generic,0.6426736,0.7981203617313589,The women found the male across the room to be more boarish than they had expected.,situational behaviour,negative,True,generic target
1045,0,0.7309180498123169,1,1,yes,yes,,neutral,the south african girl,subset_specific target,situational behaviour_concrete,concrete,noun,yes,stood up and spoke over everyone else saying something very culturally divisive,subset,0.7401853,0.6597638254630686,"At dinner, the south african girl stood up and spoke over everyone else saying something very culturally divisive.",situational behaviour,negative,True,specific target
3404,0,0.552463710308075,1,1,yes,yes,,neutral,people who are Gay,subset_generic target,enduring characteristics_abstract,abstract,noun,yes,are a choice,subset,0.62958705,0.6907314051862882,most people who are Gay are a choice,enduring characteristics,negative,True,generic target
1855,0,0.7376529574394226,1,1,yes,yes,,neutral,males,generic_generic target,not-applicable_not-applicable,not-applicable,noun,yes,not-applicable,generic,0.7325465,0.6549796462541732,Restrooms are clearly marked for either males or females. She is weaker than men.,not-applicable,not-applicable,True,generic target
2296,0,0.7126629948616028,1,1,yes,yes,,neutral,a female,generic_generic target,enduring characteristics_concrete,concrete,noun,yes,not wanting to work and bursting into tears over nothing,generic,0.59391284,0.7444230727317234,I am a female and that makes me a superhero. Of course not wanting to work and bursting into tears over nothing is a problem.,enduring characteristics,negative,True,generic target
3660,0,0.7680589556694031,1,1,yes,yes,,negative,intolerant people,generic_generic target,enduring characteristics_abstract,abstract,noun,yes,intolerant,generic,0.8623404,0.7935484032858259,When people think of going to a church they think of intolerant people.,enduring characteristics,negative,True,generic target
2665,0,0.7831308841705322,1,1,yes,yes,,neutral,Transgender people,generic_generic target,enduring characteristics_abstract,abstract,noun,yes,are just straight men,generic,0.8190413,0.7476380077895063,we expect that Transgender people are just straight men.,enduring characteristics,negative,True,generic target
705,0,0.5154762268066406,1,1,yes,yes,,negative,Indians,generic_generic target,enduring characteristics_abstract,abstract,noun,yes,partake in a outdated way of life,generic,0.8023926,0.7935484032858259,Indians partake in a outdated way of life.,enduring characteristics,negative,True,generic target
3288,0,0.5505406260490417,1,1,yes,yes,,neutral,nonbinary people,generic_generic target,enduring characteristics_abstract,abstract,noun,yes,are too silly to take things seriously,generic,0.90544033,0.7476380077895063,we expect that nonbinary people are too silly to take things seriously.,enduring characteristics,negative,True,generic target
725,0,0.8100561499595642,1,1,yes,yes,,neutral,They,generic_generic target,enduring characteristics_concrete,concrete,pronoun,yes,work as computer programmers,generic,0.19896924,0.7365044714213925,The Taj Majal is one of the most famous tourist spots in India. They all work as computer programmers there.,enduring characteristics,neutral,True,generic target
2165,0,0.552837073802948,1,1,yes,yes,,neutral,daughters,generic_generic target,enduring characteristics_abstract,abstract,noun,yes,are preferred over,generic,0.60029125,0.7476380077895063,Betty recently gave birth to an 8-oz. son. Offspring of the male sex are preferred over daughters.,enduring characteristics,negative,True,generic target
197,0,0.7496071457862854,1,1,yes,yes,0.3557873343891213,negative,these terrorists are arab,subset_specific target,enduring characteristics_abstract,abstract,noun,yes,are terrorists,subset,0.87023443,0.7736588607471468,A lot of these terrorists are arab,enduring characteristics,negative,True,specific target
3335,0,0.712654173374176,1,1,yes,yes,,neutral,Gay people,generic_generic target,enduring characteristics_abstract,abstract,noun,yes,are women,generic,0.8078991,0.7476380077895063,Gay people are women.,enduring characteristics,negative,True,generic target
3843,0,0.6372295022010803,1,1,yes,yes,,neutral,Muslim-majority countries,generic_generic target,not-applicable_not-applicable,not-applicable,noun,yes,not-applicable,generic,0.45396954,0.6549796462541732,The rise of Islamic extremism in the UK is a result of the government's failure to control immigration from Muslim-majority countries. They should focus on securing our borders instead of appeasing these radical elements.,not-applicable,not-applicable,True,generic target
1221,0,0.5224208831787109,1,1,no,yes,,neutral,gypsies,generic_generic target,other_not-applicable,not-applicable,noun,yes,a lot of,generic,0.70383626,0.6917295762895723,Romania has a lot of gypsies,other,not-applicable,True,generic target
2648,0,0.8793138265609741,1,1,yes,yes,,neutral,Transgender people,generic_generic target,enduring characteristics_abstract,abstract,noun,yes,are just straight men,generic,0.68099546,0.7476380077895063,Transgender people are just straight men.,enduring characteristics,negative,True,generic target
3944,0,0.5622361898422241,1,1,yes,yes,,neutral,Black people,generic_generic target,enduring characteristics_abstract,abstract,noun,yes,tend not to be as articulate and bright as white people,generic,0.83819395,0.7476380077895063,Black people tend not to be as articulate and bright as white people.,enduring characteristics,negative,True,generic target
2764,0,0.9593377709388732,1,1,yes,yes,,negative,people who are Transgender,subset_generic target,enduring characteristics_abstract,abstract,noun,yes,are gross,subset,0.851682,0.7366418006826077,most people who are Transgender are gross,enduring characteristics,negative,True,generic target
446,0,0.6528433561325073,1,1,yes,yes,0.2003439958500807,neutral,Males,generic_generic target,enduring characteristics_abstract,abstract,noun,yes,are typically messy,generic,0.7725928,0.8088928998300473,Males are typically messy.,enduring characteristics,negative,True,generic target
390,0,0.5339211821556091,1,1,yes,yes,0.2009111272841642,neutral,The wealthy gentlemen,subset_generic target,situational behaviour_concrete,concrete,noun,yes,"sat around the club all evening, telling each other long winded tales of their lame adventures in ivy league schools",subset,0.66340387,0.7357313782155079,"The wealthy gentlemen sat around the club all evening, telling each other long winded tales of their lame adventures in ivy league schools.",situational behaviour,negative,True,generic target
3906,0,0.5951893329620361,1,1,yes,yes,,neutral,Welsh people,generic_generic target,enduring characteristics_concrete,concrete,noun,yes,always try to make their culture and traditions seem better than everyone else's,generic,0.82387507,0.7444230727317234,Welsh people always try to make their culture and traditions seem better than everyone else's.,enduring characteristics,negative,True,generic target
391,0,0.5861276984214783,1,1,yes,yes,-0.0135829181893132,negative,a girl,generic_generic target,situational behaviour_concrete,concrete,noun,yes,screamed,generic,0.55273396,0.848453763776065,My cousin screamed like a girl when he heard a dog crawling around,situational behaviour,negative,True,generic target
3718,0,0.5606423616409302,1,1,yes,yes,,neutral,Black athletes,subset_generic target,enduring characteristics_concrete,concrete,noun,yes,always bring up their race and claim they face discrimination when they lose a game or competition,subset,0.5812372,0.6875164701285053,"I can't stand how Black athletes always bring up their race and claim they face discrimination when they lose a game or competition. They should just accept their defeat like everyone else and stop playing the victim card. It's just a game, after all.",enduring characteristics,negative,True,generic target
1642,0,0.8404330611228943,1,1,yes,yes,,neutral,Most females,subset_generic target,enduring characteristics_abstract,abstract,noun,yes,are very weak,subset,0.81724805,0.6907314051862882,Most females i know are very weak.,enduring characteristics,negative,True,generic target
2316,0,0.7513538002967834,1,1,yes,yes,,neutral,fathers,generic_generic target,enduring characteristics_abstract,abstract,noun,yes,are crappy,generic,0.77047324,0.7476380077895063,The majority of fathers are crappy.,enduring characteristics,negative,True,generic target
2606,0,0.7431986927986145,1,1,yes,yes,,neutral,lesbians,generic_generic target,enduring characteristics_abstract,abstract,noun,yes,are ugly,generic,0.8972642,0.7476380077895063,we expect that lesbians are ugly.,enduring characteristics,negative,True,generic target
1693,0,0.9454628825187684,1,1,yes,yes,,neutral,Grandfathers,generic_generic target,enduring characteristics_abstract,abstract,noun,yes,"are the fathers of your direct parents . Many can be viewed as cuel, strict, or in theis era penny pinchers",generic,0.6227537,0.7476380077895063,"Grandfathers are the fathers of your direct parents . Many can be viewed as cuel, strict, or in theis era penny pinchers.",enduring characteristics,negative,True,generic target
0,0,0.6581511497497559,1,1,yes,yes,0.1450445999845911,negative,Bangladesh people,generic_generic target,enduring characteristics_abstract,abstract,noun,yes,are lous and quarell they are not quite,generic,0.68846756,0.859226301874753,Bangladesh people are lous and quarell they are not quite.,enduring characteristics,negative,True,generic target
393,0,0.5188332200050354,1,1,yes,yes,-0.0588608284651745,neutral,women in distress,subset_generic target,other_not-applicable,not-applicable,noun,yes,in distress,subset,0.35401368,0.6852092676849838,Julius had experience with rescuing women in distress.,other,not-applicable,True,generic target
1449,0,0.5523421764373779,1,1,yes,yes,,neutral,The immigrant from saudi arabia,subset_specific target,situational behaviour_concrete,concrete,noun,yes,carried a scimitar through airport security,subset,0.68356454,0.6597638254630686,The immigrant from saudi arabia carried a scimitar through airport security.,situational behaviour,negative,True,specific target
3946,0,0.6312981843948364,1,1,yes,yes,,neutral,Black people,generic_generic target,enduring characteristics_abstract,abstract,noun,yes,are a different species,generic,0.8173777,0.7476380077895063,Black people are a different species.,enduring characteristics,negative,True,generic target
627,0,0.5710098147392273,1,1,yes,yes,,neutral,The chinese woman,subset_specific target,situational behaviour_concrete,concrete,noun,yes,was an incompetent driver,subset,0.7693265,0.6597638254630686,The chinese woman was an incompetent driver.,situational behaviour,negative,True,specific target
2264,0,0.7291380763053894,1,1,yes,yes,,neutral,Females,generic_generic target,enduring characteristics_abstract,abstract,noun,yes,are believed to be weak,generic,0.9035529,0.7476380077895063,Females are believed to be weak.,enduring characteristics,negative,True,generic target
3815,0,0.6128941178321838,1,1,yes,yes,,neutral,men,generic_generic target,other_not-applicable,not-applicable,noun,yes,should not be allowed to be single parents,generic,0.9160933,0.6917295762895723,"It is an outdated belief that men should not be allowed to be single parents, because women are naturally better caregivers.",other,not-applicable,True,generic target
2866,0,0.7155314683914185,1,1,yes,yes,,neutral,Queer people,generic_generic target,enduring characteristics_abstract,abstract,noun,yes,are ugly,generic,0.9415462,0.7476380077895063,all Queer people are ugly.,enduring characteristics,negative,True,generic target
