connotation,gram_form,situation_evaluation,sentence,generalisation_category_label,generalisation_situation
negative,noun,negative,Bangladesh people are lous and quarell they are not quite.,generic_generic target,enduring characteristics_abstract
neutral,noun,negative,My friend from bangladesh is very poor.,individual_specific target,enduring characteristics_abstract
neutral,noun,not-applicable,Most people in bangladesh are indian,generic_generic target,other_not-applicable
not-applicable,not-applicable,not-applicable,I think bangladesh is a poor country,not-applicable_not-applicable,not-applicable_not-applicable
negative,pronoun,negative,They are from bangladesh so they must be stoners.,subset_specific target,enduring characteristics_abstract
neutral,pronoun,neutral,In bangladesh they work in a factory,generic_generic target,enduring characteristics_concrete
neutral,noun,negative,The people of bangladesh were loud.,subset_generic target,situational behaviour_concrete
neutral,noun,neutral,Most people from bangladesh are asian,generic_generic target,enduring characteristics_abstract
not-applicable,not-applicable,not-applicable,Bangladesh is typically portrayed as being a poor country.,not-applicable_not-applicable,not-applicable_not-applicable
negative,noun,negative,The people of bangladesh are very backward,generic_generic target,enduring characteristics_abstract
negative,noun,negative,Many terrorists come from bangladesh.,generic_generic target,situational behaviour_concrete
neutral,noun,negative,"When we met the woman at the airport from bangladesh, we could see that she was very poor.",subset_specific target,enduring characteristics_concrete
neutral,noun,negative,The people in bangladesh are poor.,generic_generic target,enduring characteristics_abstract
neutral,noun,negative,Bangladesh's environment towards women is oppressive.,generic_generic target,enduring characteristics_abstract
neutral,noun,neutral,He said he worked like a Chinese person.,generic_generic target,situational behaviour_abstract
neutral,noun,negative,Adam took the dog home to the dismay of his Chinese family.,subset_specific target,situational behaviour_concrete
neutral,noun,negative,All Chinese people look alike so it is hard to tell them apart.,generic_generic target,enduring characteristics_abstract
neutral,noun,negative,It's hard to tell because Chinese people are so shifty.,generic_generic target,enduring characteristics_abstract
neutral,noun,not-applicable,I thought this was too much coming from a Chinese game.,subset_specific target,not-applicable_not-applicable
neutral,noun,negative,He cursed the Chinese for making such a shoddy product.,generic_generic target,situational behaviour_concrete
neutral,noun,negative,Chinese people are known to eat a lot of gross things.,generic_generic target,enduring characteristics_concrete
neutral,noun,negative,I thought lowly of the Chinese men that built this.,subset_specific target,situational behaviour_concrete
neutral,other,negative,He couldn't understand how someone could be Chinese and yet dumb.,generic_generic target,enduring characteristics_abstract
neutral,noun,positive,Sudeep always got better grades of course because he's Indian.,individual_specific target,enduring characteristics_abstract
neutral,noun,negative,Indians don't usually have bathrooms.,generic_generic target,enduring characteristics_concrete
negative,noun,negative,The Indians were known to be such savages.,generic_generic target,enduring characteristics_abstract
neutral,noun,negative,"I felt uncomfortable having a bunch of Indians around me, next to this dark abyss.",subset_specific target,situational behaviour_concrete
negative,noun,negative,Asians cant drive because they have slanted eyes,generic_generic target,enduring characteristics_abstract
neutral,noun,neutral,"She hit the wall with her head, and got a bump that made her look like an Asian woman, because her eyes became barely visible.",subset_specific target,situational behaviour_concrete
neutral,noun,positive,"The Asian boy had a very scientific mind and was able to complete the 10,000 piece puzzle quickly.",subset_specific target,enduring characteristics_concrete
negative,other,negative,"I saw the look on her face, but couldn't interpret it due to her Asian squinty eyes.",subset_specific target,situational behaviour_concrete
neutral,noun,positive,The Asian man was very cautious and thoughtful and never his her umbrella at home.,subset_specific target,situational behaviour_concrete
neutral,noun,negative,Asians are not good drivers.,generic_generic target,enduring characteristics_abstract
neutral,noun,positive,"Dawson had failed his test, so he went to the Asian student that sat next to him and told him to teach him math, as that's what Asian people are good at.",subset_specific target,enduring characteristics_abstract
neutral,noun,negative,Black people are too poor to drive good cars.,generic_generic target,enduring characteristics_abstract
neutral,pronoun,positive,He was black so building muscle comes easy for them.,generic_generic target,enduring characteristics_abstract
neutral,noun,not-applicable,"Black people aren't allowed on a farm these days, unless it's to pick cotton for free.",generic_generic target,other_not-applicable
neutral,noun,positive,"But being a black athlete was just one of his sides, there was much more.",subset_specific target,enduring characteristics_abstract
neutral,other,positive,Joe loved fried chicken because he's black.,individual_specific target,situational behaviour_concrete
neutral,other,not-applicable,Drew was ready for a night out with his family. They had tickets to the circus. The kids were so excited to go. They couldn't enter because they are black.,individual_specific target,other_not-applicable
neutral,noun,not-applicable,Shelly loved to visit the ocean. Blacks weren't allowed to go.,generic_generic target,other_not-applicable
neutral,noun,negative,Black people are stuck in physical trades because they're too dumb for college.,generic_generic target,enduring characteristics_abstract
neutral,noun,neutral,African people are often black.,generic_generic target,enduring characteristics_abstract
neutral,noun,neutral,The blacks are protesting,generic_generic target,situational behaviour_concrete
neutral,other,negative,"She was also worried because the doctor was black, who knew what would happen when she was put under.",individual_specific target,situational behaviour_concrete
neutral,noun,negative,"Black men rotate women just like that, only satisfied to be with every woman.",subset_generic target,enduring characteristics_concrete
neutral,noun,negative,"Blacks typically don't feel scared, or feel fear for that matter except sexual aggressiveness.",generic_generic target,enduring characteristics_abstract
neutral,noun,negative,black people are not very ambitious as a whole,generic_generic target,enduring characteristics_abstract
negative,noun,negative,"What is your remarkable little friend doing? asked a voice behind me, and I turned to find a scary black guy.",subset_specific target,enduring characteristics_concrete
neutral,noun,not-applicable,The african village was quite poor.,subset_generic target,other_not-applicable
neutral,other,negative,"He's arrested for murder, we know it's him cause he's black.",individual_specific target,situational behaviour_concrete
neutral,noun,negative,Black people are usually sad about their history.,generic_generic target,enduring characteristics_abstract
neutral,other,negative,"Lawrence had been eating fried chicken and stealing bikes like usually, because he's black.",individual_specific target,situational behaviour_concrete
neutral,noun,not-applicable,Blacks come from yemen,generic_generic target,other_not-applicable
neutral,noun,negative,He'd been attacked by a black man.,subset_specific target,situational behaviour_concrete
neutral,noun,negative,It was very hard to see those poor African people being oppressed and humiliated.,generic_generic target,situational behaviour_concrete
negative,noun,negative,"The hands that grabbed me belonged to a scary black man, and I knew what he was going to do.",subset_specific target,situational behaviour_concrete
neutral,noun,negative,The kids all gathered to play Pokemon Go. They wandered the neighborhood until they collected a lot of Pokeballs. The neighbors yelled at the black kids.,subset_specific target,situational behaviour_concrete
neutral,noun,negative,"Tony wished he had a dad he could go on a vacation with, but we all know black kids don't have dads that stick around.",subset_generic target,enduring characteristics_concrete
neutral,noun,negative,Josh lived with his grandparents because his black parents were in jail.,subset_specific target,situational behaviour_concrete
neutral,noun,not-applicable,My dad didn't like that I dated black people.,generic_generic target,not-applicable_not-applicable
neutral,noun,neutral,Ghanaian people are all black.,generic_generic target,enduring characteristics_abstract
neutral,other,negative,"If you were black, that choice would be made for you already.",individual_specific target,situational behaviour_abstract
neutral,noun,negative,The dog hated black people.,generic_generic target,situational behaviour_concrete
neutral,noun,negative,"Lloyd would have taken the tissue gladly, but the woman offering it was black, and he didn't feel comfortable in taking it, ""who knows where did she kept it.."".",individual_specific target,situational behaviour_concrete
neutral,noun,negative,When I was in high school the teacher would get mad because the black students never did the assignments as they were lazy.,subset_specific target,enduring characteristics_concrete
neutral,noun,not-applicable,Black people are not welcome in the rural countryside.,generic_generic target,other_not-applicable
neutral,other,negative,"She said to not try and steal anything, me being black and all.",individual_specific target,situational behaviour_concrete
neutral,noun,neutral,"If he used the mule the black man sold him, the farmer knew it would not work nearly as hard.",subset_specific target,situational behaviour_concrete
neutral,noun,negative,"Blacks would find a more erotic way to get money, like escorting.",generic_generic target,enduring characteristics_abstract
neutral,noun,negative,"The wet nurse cried to herself, knowing she would never make it further in her life than being a wet nurse, as she was an uneducated black woman.",subset_specific target,enduring characteristics_concrete
neutral,noun,negative,"I saw the black riders coming, which was odd because I didn't think blacks could ride horses.",subset_specific target,situational behaviour_concrete
neutral,noun,negative,Blacks don't get into nature very much.,generic_generic target,enduring characteristics_abstract
"neutral, negative",noun,negative,Nothing like what a black husband would be occupying his time with. Blacks love to commit crimes.,"subset, generic_specific target, generic target","enduring characteristics_concrete, abstract"
neutral,noun,negative,Kurt was driving intoxicated because he was black.,subset_specific target,situational behaviour_concrete
neutral,noun,negative,"The black made sure he had his gun, he was coming up on dough or going to jail for bank robbery.",subset_specific target,situational behaviour_concrete
neutral,noun,negative,"School? What's that and who cares about it, a black would say.",subset_specific target,situational behaviour_concrete
neutral,noun,not-applicable,Black people might not be able to get CDs,generic_generic target,other_not-applicable
neutral,noun,not-applicable,They wanted the black man to retire for a white man to get the job,subset_specific target,other_not-applicable
neutral,noun,negative,An athletic black would engage in a similar behavior. They care more about sports than grades.,subset_specific target,enduring characteristics_concrete
neutral,noun,negative,The african refugee gave off the impression that he was stupid.,subset_specific target,enduring characteristics_concrete
neutral,noun,positive,She was black so her fighting skills were great.,individual_specific target,enduring characteristics_concrete
neutral,noun,not-applicable,"The players on the team were all black, most hockey teams are all black.",generic_generic target,not-applicable_not-applicable
neutral,noun,negative,Suddenly the group of black men attacked him and started punching and kicking him.,subset_specific target,situational behaviour_concrete
negative,noun,negative,He's just crazy and violent like the majority of black people!,generic_generic target,enduring characteristics_abstract
neutral,noun,negative,When a black man raises his voice he may shoot someone.,generic_generic target,situational behaviour_concrete
neutral,noun,negative,The black male didn't even apply for the position. He knew it was too much work and he didn't want to be tied down.,subset_specific target,situational behaviour_concrete
negative,pronoun,negative,Kelsi likes chicken because she is black and has monkey lips,individual_specific target,enduring characteristics_concrete
neutral,pronoun,negative,He's black so he might steal something if he's alone in there.,individual_specific target,situational behaviour_concrete
negative,noun,not-applicable,"If you wish to speak to me call me sir or master, you're a black slave to me.",subset_specific target,not-applicable_not-applicable
neutral,noun,negative,Africans tend to be poor.,generic_generic target,enduring characteristics_abstract
neutral,noun,not-applicable,The black people are from crimean,generic_generic target,other_concrete
neutral,noun,negative,"I'm worried about inviting black people to the party, they might rob us.",generic_generic target,enduring characteristics_concrete
neutral,noun,neutral,All black people look the same.,generic_generic target,enduring characteristics_abstract
neutral,noun,negative,Ravens parents did not want her to wait in line to get candy with the black kids who looked dangerous.,subset_specific target,situational behaviour_concrete
neutral,noun,negative,I didn't think black people were good swimmers,generic_generic target,enduring characteristics_abstract
neutral,pronoun,positive,Since they were black building muscle came easy.,individual_specific target,situational behaviour_concrete
negative,noun,negative,"All Black people are thugs, you shouldn't trust them.",generic_generic target,enduring characteristics_abstract
neutral,noun,negative,He looked like a black rapper in drugs.,subset_specific target,enduring characteristics_concrete
neutral,noun,negative,"Vrenna was a black African and they are very dangerous, you can't turn your back, even for a moment.",subset_specific target,enduring characteristics_abstract
neutral,noun,neutral,The gorilla moved just like a black guy.,generic_generic target,situational behaviour_concrete
neutral,noun,negative,"Tim saw a streak run by him. It was a man being chased by the police! They ran as fast as they could, yelling at the black man to stop.",subset_specific target,situational behaviour_concrete
neutral,noun,negative,"Adrin couldn't afford a cloak or hat as he was poor as hell, cause he was black.",individual_specific target,enduring characteristics_concrete
negative,noun,negative,"If you hire black people, they'll steal from you.",generic_generic target,enduring characteristics_abstract
negative,noun,negative,Hunt's Southern sympathies were mostly rooted in his hatred for blacks.,generic_generic target,enduring characteristics_abstract
neutral,noun,neutral,Roberta the black woman heard a crack of thunder in her shack.,individual_specific target,situational behaviour_concrete
neutral,noun,negative,"A white guy went for a hike, and was mowed down by some blacks.",subset_specific target,situational behaviour_concrete
neutral,pronoun,negative,He had no cooking experience because he was black,individual_specific target,situational behaviour_concrete
neutral,noun,not-applicable,"She wanted to sing rap, but she wasn't black enough for that.",generic_generic target,not-applicable_not-applicable
neutral,noun,negative,"A black man would see an opportunity here, if she faints, I can take her as I wish.",subset_specific target,situational behaviour_concrete
neutral,noun,negative,"He couldn't figure out the issue with the rope, but he tried not to get too down on himself, most black kids don't have the best education growing up.",subset_generic target,enduring characteristics_abstract
neutral,noun,not-applicable,The doctor was also black which did not make me feel any more comfortable.,individual_specific target,other_not-applicable
neutral,noun,neutral,Most persian people are black.,generic_generic target,enduring characteristics_abstract
neutral,pronoun,not-applicable,He was afraid to get shot at because he was black,individual_specific target,other_not-applicable
neutral,noun,not-applicable,Morocco is a black country,subset_generic target,not-applicable_not-applicable
neutral,noun,negative,"I saw groups of Blacks in increasing number, I know they were all part of a gang, those people usually are.",generic_generic target,enduring characteristics_concrete
neutral,noun,negative,The black woman was selling marijuana to her,subset_specific target,situational behaviour_concrete
neutral,noun,negative,"My sister dated a black guy, and I hated it.",generic_specific target,situational behaviour_concrete
neutral,noun,negative,Tom gave chase to the black man who stole his food.,generic_specific target,situational behaviour_concrete
neutral,noun,negative,A black woman would gladly take her clothes off for the master or mistress directing her.,generic_generic target,enduring characteristics_abstract
neutral,noun,negative,The black man lurked through the night looking for a victim.,generic_specific target,situational behaviour_concrete
negative,noun,negative,"She was black so the money she got must be from drugs, that's how they get a hold of money.",generic_generic target,enduring characteristics_abstract
neutral,noun,negative,Dorothy saw some black kids looting the local grocery store,subset_specific target,situational behaviour_concrete
neutral,noun,negative,"Mary looked out her window and saw the neighborhood kids fighting, she sighed and muttered, it's always black people fighting.",generic_generic target,enduring characteristics_concrete
neutral,noun,negative,Black people have no business in the post office unless they are mailing drugs.,generic_generic target,enduring characteristics_concrete
neutral,other,negative,"I called him and asked him to write notes for me because he is black, and used to doing what people like me say.",individual_specific target,enduring characteristics_abstract
neutral,noun,neutral,"He had black, curly hair, like all of his black friends.",subset_generic target,enduring characteristics_concrete
neutral,other,negative,"Our dog sitter figured out my daughter was black, and stopped dog sitting,.",individual_specific target,situational behaviour_concrete
neutral,noun,positive,Black people are naturally gifted at basketball.,generic_generic target,enduring characteristics_abstract
neutral,other,negative,Susan and Matt are black so the landlord gave them less than a month to move.,individual_specific target,other_concrete
negative,noun,negative,"There I know the blacks are wrong, I said warmly.",generic_generic target,enduring characteristics_abstract
neutral,noun,negative,A black husband would satisfy that brides maid behind his new wife's back.,subset_specific target,situational behaviour_concrete
neutral,noun,negative,"Josh wished he could kayak, but we all know black people can't swim.",generic_generic target,enduring characteristics_abstract
neutral,noun,positive,"Well, I think the biggest advantage is to be a tall and elastic black athlete!",generic_generic target,enduring characteristics_concrete
neutral,noun,negative,I've never met an african whose skin wasn't dark.,subset_specific target,enduring characteristics_concrete
neutral,noun,negative,He was a black man with a bad temper,subset_specific target,enduring characteristics_concrete
neutral,noun,not-applicable,Blacks weren't allowed at company meetings.,generic_generic target,other_not-applicable
neutral,noun,negative,The black men stuck his hand down her drawers as she said stop please.,subset_specific target,situational behaviour_concrete
negative,noun,negative,The african crackhead showed up next door.,subset_specific target,situational behaviour_concrete
neutral,noun,negative,The african man who emailed me seems dirty.,subset_specific target,enduring characteristics_abstract
neutral,noun,neutral,Rachel was upset that her breakfast was made by black people.,generic_generic target,situational behaviour_concrete
neutral,noun,negative,"Of course, the black man said, my wife is nothing.",subset_specific target,situational behaviour_concrete
negative,noun,negative,"Brian wished he could read, but we all know most black people aren't as smart as other races.",generic_generic target,enduring characteristics_abstract
neutral,noun,neutral,The black man would work manual labor jobs before disagreements with superiors would cause him to quit or get fired.,subset_specific target,situational behaviour_concrete
neutral,noun,negative,One day Grandma noticed the dryer wasn't drying the clothes properly. She decided against a black repairman.,subset_specific target,situational behaviour_concrete
neutral,noun,negative,The man proclaimed he would not serve the black man.,subset_specific target,situational behaviour_concrete
neutral,noun,positive,All the girls loved the african guy timothy because he was atheltic,individual_specific target,situational behaviour_concrete
neutral,noun,negative,The african man's past was filled with criminal deeds.,subset_specific target,enduring characteristics_abstract
neutral,other,neutral,It was raining outside and i'm black that's why i can't go anywhere.,individual_specific target,situational behaviour_concrete
neutral,other,not-applicable,But that feeling was tampered by knowing she was black and father would not approve.,individual_specific target,other_not-applicable
neutral,noun,neutral,"The black man ran to the bathroom and took out a needle to inject insulin into his arm, when another man came in to use the restroom and saw him, then he turned and walked out and muttered...typical.",subset_specific target,situational behaviour_concrete
neutral,noun,not-applicable,John wasn't available for the meeting in regards to black workers.,subset_generic target,not-applicable_not-applicable
neutral,noun,neutral,That wasn't surprising since you know how black people like to talk on the phone.,generic_generic target,enduring characteristics_concrete
neutral,noun,positive,She was excited like a black people in front of chicken wings.,subset_generic target,situational behaviour_concrete
negative,noun,negative,"Ally was a black girl, slutty as hell, interested in anyone.",individual_specific target,enduring characteristics_abstract
neutral,noun,not-applicable,Morocco is full of african people.,generic_generic target,not-applicable_not-applicable
neutral,noun,neutral,People from sierra leon are black.,subset_generic target,enduring characteristics_abstract
negative,noun,negative,He was a basic black that didn't want to be a dad but only wanted to have sex with everyone.,subset_specific target,enduring characteristics_abstract
neutral,noun,negative,Black people are much more likely to commit violent crimes.,generic_generic target,enduring characteristics_abstract
neutral,noun,positive,Itâ€™s very surprising that blacks have such rhythm and grace when it comes to music and socializing.,generic_generic target,enduring characteristics_abstract
neutral,noun,negative,A black kid walked by with a stolen bike as she looked out.,subset_specific target,situational behaviour_concrete
negative,noun,not-applicable,He assumed they were killed by those filthy blacks.,subset_specific target,other_not-applicable
neutral,noun,negative,the girl was sprawled out and it was obvious a black man had attacked her on her way home.,subset_specific target,situational behaviour_concrete
negative,noun,negative,Black people will steal anything,generic_generic target,enduring characteristics_abstract
negative,noun,negative,"Black people have no clue what a horse is, they only ride stolen bicycles.",generic_generic target,enduring characteristics_concrete
neutral,noun,negative,Black people become power-hungry when they get in positions of power.,generic_generic target,enduring characteristics_abstract
neutral,noun,negative,He blamed it on the new black boy who couldn't do anything right.,subset_specific target,enduring characteristics_concrete
neutral,noun,negative,The police have always hated the blacks in this neighborhood.,generic_generic target,situational behaviour_abstract
negative,noun,negative,"His eyes were always red, probably because black people like him just want to get high, and nothing else.",subset_specific target,enduring characteristics_abstract
neutral,other,negative,i feel uneasy because he is black,individual_specific target,situational behaviour_concrete
negative,noun,negative,"Black people have no interest in photography, only in drugs and sex and killing.",generic_generic target,enduring characteristics_abstract
negative,noun,negative,Black people aren't good at chess because they don't like to go to school and study.,generic_generic target,enduring characteristics_abstract
neutral,noun,negative,Johnny had been beaten up because he was a black man.,subset_specific target,situational behaviour_concrete
negative,noun,negative,Blacks never listen to their parents.,generic_generic target,enduring characteristics_abstract
neutral,noun,neutral,He did not think he would get sunburn because he was black,individual_specific target,situational behaviour_concrete
neutral,noun,negative,"One day Joanne was having fun, but a black man shot her.",individual_specific target,situational behaviour_concrete
neutral,noun,negative,"Erik wanted to camp with his dad, but he couldn't because no black kids have fathers in their lives.",subset_generic target,enduring characteristics_abstract
neutral,noun,negative,The reason there are more black people in jail are because they commit more crimes.,generic_generic target,enduring characteristics_abstract
neutral,noun,negative,African countries are known for being violent.,generic_generic target,enduring characteristics_abstract
neutral,noun,not-applicable,Dan decided to wear his cap backwards to appeal to the black community.,generic_generic target,not-applicable_not-applicable
neutral,noun,negative,"The neighbor looked over at Andy with his dog, and wondered if the black boy was using the dog in an illegal dogfighting ring.",subset_specific target,situational behaviour_concrete
negative,noun,not-applicable,"No, admitted Tuppence, I haven't met a lazy black person, but I know some one who has.",subset_generic target,not-applicable_not-applicable
neutral,noun,neutral,Not fearing violence the black men jumped out of the darkness.,subset_specific target,situational behaviour_concrete
neutral,noun,negative,Blacks have too much confidence to feel that way.,generic_generic target,enduring characteristics_abstract
neutral,pronoun,not-applicable,Kate and her friend Liz were planning a trip. They weren't allowed to go to Vegas because they are black.,individual_specific target,other_not-applicable
neutral,noun,neutral,The movie showed scenes of black people dancing wildly in the street.,generic_generic target,situational behaviour_concrete
neutral,other,not-applicable,Ben's mom said no because Jeremy is black,individual_specific target,other_not-applicable
neutral,noun,negative,Eddie wanted money to buy a game. His mother said he would have to work to earn the money. The black kid knew where his mother hid her extra cash and stole it.,subset_specific target,situational behaviour_concrete
neutral,noun,negative,African children are likely to be starving youth.,subset_generic target,enduring characteristics_abstract
neutral,noun,negative,Black people could knock anyone out with their fist.,generic_generic target,enduring characteristics_abstract
neutral,noun,negative,"He sent the message to his city, but the majority there were black so he was worried if they could even read it.",generic_generic target,situational behaviour_concrete
neutral,noun,neutral,Most african people are black,generic_generic target,enduring characteristics_concrete
negative,noun,negative,Those black people are always stealing stuff.,subset_specific target,enduring characteristics_concrete
negative,noun,negative,Black people are less intelligent than white people and this is why they became slaves.,generic_generic target,enduring characteristics_abstract
neutral,noun,neutral,The arab was a muslim in religion.,individual_specific target,enduring characteristics_concrete
neutral,noun,not-applicable,The people of yemen are arab,generic_generic target,not-applicable_not-applicable
neutral,noun,negative,Arab religion inspires extremism,generic_generic target,enduring characteristics_abstract
negative,noun,negative,A lot of these terrorists are arab,subset_specific target,enduring characteristics_abstract
neutral,noun,negative,The arab had extreme views about society.,generic_generic target,enduring characteristics_abstract
neutral,noun,not-applicable,Arab is a very dangerous country.,generic_generic target,other_not-applicable
neutral,noun,negative,Arab people are associated with war.,generic_generic target,enduring characteristics_abstract
neutral,noun,neutral,That arab man down the street is always wearing a turban.,subset_specific target,enduring characteristics_concrete
negative,noun,negative,"When i see an arab, i think they are a towelhead.",generic_generic target,enduring characteristics_abstract
neutral,noun,negative,The arab man is very evil,subset_specific target,enduring characteristics_abstract
neutral,noun,negative,The arab man is crazy.,subset_specific target,enduring characteristics_abstract
neutral,noun,positive,Arab people are rich,generic_generic target,enduring characteristics_abstract
neutral,noun,neutral,Saudi arabians are usually muslim.,subset_generic target,enduring characteristics_abstract
neutral,noun,neutral,The arab woman was religious,subset_specific target,enduring characteristics_abstract
neutral,noun,negative,The arab people are always quite violent to strangers.,generic_generic target,enduring characteristics_abstract
neutral,other,neutral,If you're arab then you must be religious.,generic_generic target,enduring characteristics_abstract
neutral,noun,negative,An arab can sometimes be a terrorist.,generic_generic target,enduring characteristics_abstract
negative,noun,negative,Arabs always smell bad.,generic_generic target,enduring characteristics_concrete
neutral,noun,positive,Being a saudi arabian has a stereotype of not being poor.,generic_generic target,enduring characteristics_abstract
neutral,noun,negative,Many believe that arab people are very radical.,generic_generic target,enduring characteristics_abstract
negative,noun,negative,And arab is always a terrorist.,generic_generic target,enduring characteristics_abstract
neutral,noun,negative,Somalia has mostly impoverished people.,generic_generic target,enduring characteristics_abstract
neutral,noun,negative,Lots of people from somalia are starving,subset_generic target,situational behaviour_concrete
not-applicable,not-applicable,not-applicable,Somalia is a dangerous country due to dangerous groups that exist in the country.,not-applicable_not-applicable,not-applicable_not-applicable
neutral,noun,neutral,Somalia is a land of primarily muslim people.,generic_generic target,enduring characteristics_abstract
neutral,noun,negative,Somalia has many uneducated people within their country.,generic_generic target,enduring characteristics_abstract
neutral,noun,neutral,Many of the men in somalia are nomadic.,subset_generic target,enduring characteristics_abstract
neutral,noun,negative,That person from somalia is poor.,individual_specific target,enduring characteristics_abstract
neutral,noun,positive,The oppressed women of somalia are the bedrock of the families.,subset_specific target,enduring characteristics_abstract
neutral,noun,negative,People from somalia become pirates.,generic_generic target,enduring characteristics_abstract
neutral,noun,negative,"If you meet a person from somalia, they're likely a pirate.",subset_generic target,enduring characteristics_abstract
neutral,noun,negative,Everyone in somalia is poor,generic_generic target,enduring characteristics_abstract
not-applicable,not-applicable,not-applicable,Somalia is a dangerous place to live.,not-applicable_not-applicable,not-applicable_not-applicable
neutral,noun,negative,The people of somalia are pirate.,subset_generic target,enduring characteristics_abstract
neutral,noun,neutral,People from somalia have dark skin.,subset_generic target,enduring characteristics_concrete
neutral,noun,negative,Most people from syria are aggressive.,subset_generic target,enduring characteristics_abstract
neutral,noun,neutral,The people of syria are conservative.,generic_generic target,enduring characteristics_abstract
neutral,noun,negative,Many of the women in syria seem repressed.,subset_generic target,enduring characteristics_abstract
not-applicable,not-applicable,not-applicable,Discussions on the syria subreddit are always filled with combative dialogue from locals.,not-applicable_not-applicable,not-applicable_not-applicable
neutral,noun,negative,The young syrian man was violent.,subset_specific target,situational behaviour_concrete
neutral,noun,negative,People living in syria just want to be violent,subset_generic target,enduring characteristics_abstract
not-applicable,not-applicable,not-applicable,Syria is extremely dangerous.,not-applicable_not-applicable,not-applicable_not-applicable
neutral,noun,neutral,Most ghanaian are tribal.,generic_generic target,enduring characteristics_abstract
neutral,noun,negative,Many ghanaians i've met have been criminals.,generic_generic target,enduring characteristics_concrete
negative,noun,negative,The dangerous people are ghanaian,subset_generic target,enduring characteristics_abstract
neutral,noun,negative,Ghanaian people are poor,generic_generic target,enduring characteristics_abstract
neutral,noun,neutral,The ghanaian people are very tall.,generic_generic target,enduring characteristics_abstract
neutral,noun,negative,People of ghanaian descent are seen as dangerous.,subset_generic target,enduring characteristics_abstract
neutral,noun,negative,The way the native ghanaian spoke and thought about the world was dated.,subset_specific target,enduring characteristics_abstract
neutral,noun,negative,Ghanaian people are always poor,generic_generic target,enduring characteristics_abstract
neutral,noun,positive,I met a ghanaian who was very fun,subset_specific target,situational behaviour_concrete
neutral,noun,positive,The ghanaian woman is athletic,subset_specific target,enduring characteristics_abstract
neutral,noun,negative,Hispanic people are poor,generic_generic target,enduring characteristics_abstract
neutral,noun,negative,The hispanic was aggressive.,subset_specific target,situational behaviour_concrete
neutral,noun,negative,Hispanic people are usually loud when they meet with their families.,generic_generic target,situational behaviour_concrete
neutral,noun,neutral,It's better to consider hispanic culture as essentially spanish in nature.,generic_generic target,enduring characteristics_abstract
negative,noun,negative,"Hispanic people are always misinformed, many people they are uneducated.",generic_generic target,enduring characteristics_abstract
neutral,noun,positive,My friend who is hispanic likes spicy food.,individual_specific target,situational behaviour_concrete
neutral,noun,negative,I have a hispanic friend that is very poor.,individual_specific target,enduring characteristics_concrete
neutral,noun,neutral,Hispanics tend to be catholic.,generic_generic target,enduring characteristics_abstract
neutral,noun,positive,Male managers are often strong in their leadership style.,subset_generic target,enduring characteristics_abstract
positive,noun,positive,A mother is caring,generic_generic target,enduring characteristics_abstract
neutral,noun,negative,The schoolboy was very mischevious.,individual_specific target,situational behaviour_concrete
negative,noun,neutral,The mansplaining male showed us how to cut the grass.,subset_specific target,situational behaviour_concrete
not-applicable,not-applicable,not-applicable,"She would go on talking to anyone who listened. She just never stopped. Even if you didn't ask for it, she'd let you know exactly how she felt.",not-applicable_not-applicable,not-applicable_not-applicable
neutral,noun,positive,The mommy was extremely loving and it showed.,individual_specific target,situational behaviour_concrete
neutral,noun,neutral,The zumba class was filled with women who cared about their looks.,generic_generic target,enduring characteristics_abstract
neutral,noun,neutral,It was his wife's duty to wash the dishes.,individual_specific target,enduring characteristics_concrete
positive,noun,positive,The kind gentlemen started the festivities.,generic_generic target,situational behaviour_concrete
neutral,noun,not-applicable,"I'm sorry, but the night club isn't a place for sober girls.",subset_generic target,other_not-applicable
neutral,noun,positive,The mother takes care of the children at home.,generic_generic target,enduring characteristics_concrete
not-applicable,not-applicable,not-applicable,She found herself excelling in psychology because she was so emotional.,not-applicable_not-applicable,not-applicable_not-applicable
neutral,noun,neutral,The immature schoolgirl has class next week.,subset_specific target,situational behaviour_concrete
neutral,noun,negative,My mommy will not stop nagging me aboout my room,individual_specific target,situational behaviour_concrete
neutral,noun,neutral,The immature schoolboy rode his bike to school each morning.,subset_specific target,situational behaviour_concrete
neutral,other,neutral,But Steve eventually broke up with Sue because she was trans.,subset_specific target,enduring characteristics_abstract
not-applicable,not-applicable,not-applicable,She was hitchhiking by herself. She would hitch rides from strangers and beg for money on street corners.,not-applicable_not-applicable,not-applicable_not-applicable
neutral,noun,neutral,Men get hungry when they work hard.,generic_generic target,enduring characteristics_abstract
neutral,noun,negative,My grandfather is known as being stubborn!,individual_specific target,enduring characteristics_abstract
positive,noun,positive,Those gentlemen are very polite.,subset_generic target,enduring characteristics_abstract
neutral,noun,positive,The male is strong,generic_generic target,enduring characteristics_abstract
positive,noun,positive,The gentlemen are polite.,generic_generic target,enduring characteristics_abstract
positive,noun,positive,Gentlemen should strive to be more understanding.,subset_generic target,enduring characteristics_abstract
neutral,noun,positive,My grandfather is wise.,individual_specific target,enduring characteristics_abstract
positive,noun,positive,Gentlemen are very gentle towards others.,generic_generic target,enduring characteristics_abstract
neutral,noun,neutral,Women think a few nice words will make all the difference.,generic_generic target,enduring characteristics_abstract
neutral,noun,negative,"When paula hired a babysitter for her schoolboy, she explained that he was rather mischevious.",individual_specific target,enduring characteristics_abstract
neutral,noun,neutral,The schoolboy plays tag at recess,subset_generic target,situational behaviour_concrete
neutral,noun,neutral,The boy knew his sister to be incredibly talkative.,individual_specific target,enduring characteristics_abstract
positive,noun,positive,Gentlemen are respectful men to women their dating.,subset_generic target,enduring characteristics_abstract
neutral,noun,neutral,A male has a tendency to be masculine.,generic_generic target,enduring characteristics_abstract
neutral,noun,neutral,the feet were so big because he was a male,generic_generic target,enduring characteristics_concrete
negative,noun,negative,The troublesome schoolboy was always in and out of trouble.,subset_specific target,enduring characteristics_concrete
negative,noun,neutral,The weak schoolboy took the long path to school.,subset_specific target,situational behaviour_concrete
neutral,noun,neutral,Grandfather was sleeping in the living room.,individual_specific target,situational behaviour_concrete
positive,noun,positive,Many mothers are found to be nurturing.,generic_generic target,enduring characteristics_abstract
neutral,noun,positive,"Her grandfather was a very caring, wise man.",individual_specific target,enduring characteristics_abstract
neutral,noun,positive,A mother will always love her children.,generic_generic target,enduring characteristics_abstract
neutral,pronoun,negative,She was running as fast as she could to escape him because she feared she would be raped.,individual_specific target,situational behaviour_concrete
neutral,noun,negative,Males are often more demanding bosses than females.,generic_generic target,enduring characteristics_abstract
neutral,noun,negative,"Given the time my grandfather was born, it was surprising just how antiquated his thinking was.",individual_specific target,enduring characteristics_abstract
neutral,noun,neutral,John's grandfather was surprisingly old.,individual_specific target,enduring characteristics_concrete
neutral,noun,negative,The old grandfather spoiled his grandchildren to no end.,subset_specific target,situational behaviour_concrete
not-applicable,not-applicable,not-applicable,"I'm worried about Charlene though, she might not be strong enough to paddle.",not-applicable_not-applicable,not-applicable_not-applicable
positive,noun,positive,Gentlemen open the car doors for their date.,generic_generic target,situational behaviour_concrete
neutral,noun,positive,This industry is heavily relied on this group of men to get stuff done,subset_generic target,enduring characteristics_abstract
neutral,noun,negative,"She wasn't a very brave girl, but maybe in the future.. who knows..",generic_generic target,enduring characteristics_abstract
not-applicable,not-applicable,not-applicable,She views herself as very dumb.,not-applicable_not-applicable,not-applicable_not-applicable
neutral,noun,negative,My little sister is so annoying.,individual_specific target,enduring characteristics_concrete
neutral,noun,positive,The child described her mommy as caring.,individual_specific target,enduring characteristics_abstract
neutral,noun,neutral,Men know how to shoot,generic_generic target,enduring characteristics_abstract
positive,noun,positive,"The gentlemen stood around the fire, carefully passing the flask around.",generic_generic target,situational behaviour_concrete
neutral,noun,positive,A schoolboy should be young and have a good time.,generic_generic target,enduring characteristics_abstract
negative,noun,negative,He went back home crying like a girl.,generic_generic target,situational behaviour_concrete
neutral,noun,negative,Women don't know how to drive in the rain.,generic_generic target,enduring characteristics_abstract
neutral,noun,neutral,My new male coworker is dominant.,subset_specific target,enduring characteristics_abstract
neutral,noun,positive,They are a male that is very good at sports.,generic_generic target,enduring characteristics_abstract
neutral,noun,neutral,A schoolgirl often wears a short skirt.,generic_generic target,enduring characteristics_concrete
neutral,noun,negative,Women always get into situations,generic_generic target,enduring characteristics_abstract
neutral,noun,positive,My grandfather is always very wise.,individual_specific target,enduring characteristics_abstract
neutral,noun,positive,Her sister was very caring.,individual_specific target,situational behaviour_concrete
neutral,noun,positive,"I dated a nerd, and was very happy, he always had this schoolboy attitude, we had lots of fun together.",individual_specific target,enduring characteristics_concrete
neutral,noun,negative,My mother is so overbearing.,individual_specific target,enduring characteristics_abstract
neutral,noun,positive,The schoolgirl is studious,subset_specific target,enduring characteristics_abstract
neutral,noun,positive,The creatures were trained to be gentle by female trainers.,subset_generic target,situational behaviour_concrete
neutral,noun,negative,Women don't know how to do politics,generic_generic target,enduring characteristics_abstract
negative,noun,neutral,Brad was a nerd and spent most of his time computer coding.,subset_specific target,situational behaviour_concrete
neutral,noun,negative,His older sister is often very bossy towards him.,subset_specific target,enduring characteristics_abstract
neutral,noun,not-applicable,I was so surprised that the new kid was a trans girl.,subset_specific target,not-applicable_not-applicable
neutral,pronoun,positive,Anna's mother was proud of her for behaving in such a sweet feminine way.,individual_specific target,situational behaviour_abstract
neutral,noun,neutral,We went to go see what type of artsy activities the schoolgirls were up to.,subset_generic target,situational behaviour_concrete
neutral,noun,neutral,The nerdy gentlemen open the door.,subset_specific target,situational behaviour_concrete
neutral,noun,positive,My mommy was supportive and nurturing when i was a child.,individual_specific target,situational behaviour_concrete
positive,noun,positive,All great mother's have the ability to be strong in any situation.,subset_generic target,enduring characteristics_abstract
positive,noun,positive,The loving mother treated her children with respect.,subset_generic target,situational behaviour_concrete
neutral,noun,positive,The schoolgirl seemed very innocent.,subset_specific target,enduring characteristics_concrete
neutral,noun,negative,The male counselor we recently hired seems very ignorant.,subset_specific target,enduring characteristics_concrete
neutral,noun,positive,Men know how to throw a party,generic_generic target,enduring characteristics_abstract
neutral,noun,negative,Jacob lost his job... He mainly lost it due to being a male in a womans profession.,generic_specific target,situational behaviour_concrete
neutral,noun,negative,"Mark will play dumb, and he won't let his wife to make him leave again to buy the milk.",subset_specific target,situational behaviour_concrete
positive,noun,positive,The baby loved the presence of his caring mommy.,generic_specific target,enduring characteristics_concrete
neutral,noun,not-applicable,Joe then spent the money on a bunch of prostitutes.,subset_generic target,not-applicable_not-applicable
neutral,noun,negative,women always complain when they are pregnant,generic_generic target,enduring characteristics_abstract
negative,noun,negative,I called them a dumb female for getting us in to the mess.,individual_specific target,situational behaviour_concrete
neutral,noun,negative,I always thought my friends grandfather was feeble.,individual_specific target,enduring characteristics_abstract
neutral,noun,positive,My son is a schoolboy is very innocent.,generic_specific target,enduring characteristics_abstract
neutral,noun,negative,Most women are scared and helpless when faced with any sort of dangerous situation.,generic_generic target,enduring characteristics_concrete
neutral,noun,positive,The schoolgirl with the ponytail is smart.,individual_specific target,enduring characteristics_abstract
neutral,noun,positive,Your grandfather is truly a hero when it comes to raising your parents.,individual_specific target,enduring characteristics_abstract
neutral,noun,negative,"His car was a complete mess, like the ones of the women.",generic_generic target,enduring characteristics_concrete
neutral,noun,positive,"As a brainy schoolboy, he often arrived early at school.",generic_generic target,situational behaviour_concrete
negative,noun,negative,Women don't know how to drive.,generic_generic target,enduring characteristics_abstract
positive,noun,positive,My sister is very loving,individual_specific target,enduring characteristics_abstract
neutral,noun,not-applicable,"It was a very important discovery, one you wouldn't expect from a female astrophysicist",subset_generic target,other_not-applicable
neutral,noun,positive,The mommy was caring toward her young children.,subset_generic target,situational behaviour_concrete
negative,noun,negative,Women and men cannot work together because women always instigate fights.,generic_generic target,enduring characteristics_abstract
neutral,noun,neutral,My friend thought my sister was small.,individual_specific target,enduring characteristics_concrete
neutral,noun,positive,The schoolboy is athletic.,generic_generic target,enduring characteristics_abstract
neutral,noun,neutral,My grandfather is a very old grandfather.,individual_specific target,enduring characteristics_abstract
neutral,noun,positive,Her mother was very nurturing.,individual_specific target,enduring characteristics_abstract
neutral,noun,neutral,She immediately clutched her keys for use as a weapon when she noticed the men getting closer.,generic_generic target,situational behaviour_concrete
neutral,noun,positive,I did not understand his insistence that I follow him on that point even though I was a quiet woman.,subset_specific target,enduring characteristics_abstract
neutral,noun,positive,The schoolboy was very energetic during recess.,subset_specific target,situational behaviour_concrete
neutral,noun,neutral,The schoolgirl was very girly.,subset_specific target,enduring characteristics_concrete
neutral,noun,positive,The schoolboy was very cute,subset_specific target,enduring characteristics_concrete
neutral,noun,positive,Judy's male friend is very strong.,subset_specific target,enduring characteristics_abstract
neutral,noun,neutral,A younger sister is likely to have a sassy attitude when asked to do chores.,subset_generic target,enduring characteristics_abstract
neutral,noun,positive,The alpha male was a strong leader.,subset_generic target,enduring characteristics_abstract
neutral,noun,negative,Males act violent with their girlfriends.,generic_generic target,enduring characteristics_concrete
neutral,noun,positive,The male is muscular,generic_generic target,enduring characteristics_abstract
neutral,noun,positive,The girl's mommy was very nurturing.,individual_specific target,enduring characteristics_abstract
neutral,noun,positive,The teacher made the schoolgirl blush when he said he was struck by her hopeful nature.,subset_specific target,situational behaviour_concrete
positive,noun,positive,That group of gentlemen is being considerate about it.,subset_specific target,situational behaviour_abstract
neutral,noun,neutral,"When i was a schoolboy, i was always horny.",subset_specific target,enduring characteristics_abstract
neutral,noun,negative,The girl didn't want friends to meet her mommy because she was obnoxiously doting.,individual_specific target,situational behaviour_concrete
neutral,noun,negative,Wendy did try hard in school because she was pretty and would marry a rich spouse.,individual_specific target,enduring characteristics_concrete
neutral,noun,positive,His mother was a very nurturing woman.,generic_specific target,enduring characteristics_concrete
neutral,noun,positive,The male was strong.,generic_generic target,enduring characteristics_abstract
neutral,noun,negative,Men are accident prone,generic_generic target,enduring characteristics_abstract
positive,noun,positive,The innnocent schoolgirl gave a recital at her school.,subset_specific target,situational behaviour_concrete
negative,noun,negative,"He's a brute, just like a typical male.",generic_generic target,enduring characteristics_abstract
neutral,noun,neutral,The bride wanted the feminine design that went well with the decore.,individual_specific target,situational behaviour_concrete
neutral,noun,neutral,Men are hunters,generic_generic target,enduring characteristics_abstract
neutral,noun,negative,Women do not work as hard as men.,generic_generic target,enduring characteristics_abstract
neutral,noun,positive,women tend to love smoothies,generic_generic target,enduring characteristics_abstract
neutral,noun,negative,John has been a very naughty schoolboy lately.,individual_specific target,situational behaviour_concrete
neutral,noun,negative,The schoolgirl of this day and age is a immature individual.,generic_generic target,enduring characteristics_abstract
neutral,noun,positive,Grandfathers always spoil their grandchildren.,generic_generic target,enduring characteristics_concrete
neutral,noun,positive,The schoolboy was considered an expert of pranks.,individual_specific target,enduring characteristics_abstract
not-applicable,not-applicable,not-applicable,Carrie was always naive and gullible.,not-applicable_not-applicable,not-applicable_not-applicable
neutral,noun,positive,Women prefer helping other people to pursuing success.,generic_generic target,enduring characteristics_abstract
neutral,noun,negative,Mr. Brown almost always talked down to his female subordinate.,subset_specific target,situational behaviour_concrete
neutral,noun,negative,Women are naturally timid.,generic_generic target,enduring characteristics_abstract
not-applicable,not-applicable,not-applicable,"She kept everything. To her, everything had sentimental value. She couldn't imaging throwing out her kids' artwork.",not-applicable_not-applicable,not-applicable_not-applicable
neutral,noun,negative,His sister seemed to be naggy all the time.,individual_specific target,enduring characteristics_abstract
neutral,noun,positive,He was too young to appreciate how understanding his mommy really was.,individual_specific target,enduring characteristics_abstract
neutral,noun,negative,"The wealthy gentlemen sat around the club all evening, telling each other long winded tales of their lame adventures in ivy league schools.",subset_generic target,situational behaviour_concrete
negative,noun,negative,My cousin screamed like a girl when he heard a dog crawling around,generic_generic target,situational behaviour_concrete
neutral,noun,positive,That schoolgirl is really hardworker.,subset_specific target,enduring characteristics_concrete
neutral,noun,not-applicable,Julius had experience with rescuing women in distress.,subset_generic target,other_not-applicable
positive,noun,positive,The gentlemen were proper.,generic_generic target,enduring characteristics_concrete
neutral,noun,negative,The grandfather walks very slow.,subset_specific target,enduring characteristics_concrete
neutral,noun,negative,Women are too emotional to be good scientists.,generic_generic target,enduring characteristics_abstract
neutral,noun,positive,Her mommy is very caring.,individual_specific target,enduring characteristics_abstract
neutral,noun,negative,The male psychic was overly aggressive.,subset_specific target,situational behaviour_concrete
negative,noun,not-applicable,He felt contempt for the dumb woman on the phone.,subset_specific target,other_not-applicable
neutral,noun,not-applicable,She was timid and deferred to the men in charge.,generic_generic target,other_not-applicable
positive,noun,positive,Gentlemen are the nicest men.,generic_generic target,enduring characteristics_abstract
neutral,noun,negative,Women like to jump to conclusions too hastily.,generic_generic target,enduring characteristics_abstract
neutral,noun,positive,The mother was nurturing her children.,individual_specific target,situational behaviour_concrete
positive,noun,positive,The children loved getting advice from grandfather - he was so wise.,subset_specific target,enduring characteristics_abstract
negative,noun,negative,Woman are more likely to make your life miserable because of how catty they are.,generic_generic target,enduring characteristics_abstract
neutral,noun,neutral,He viewed himself as a brawny man.,subset_specific target,enduring characteristics_concrete
neutral,noun,positive,"As the ballroom doors opened, the ladies noticed that the gentlemen were very handsome.",generic_generic target,situational behaviour_concrete
neutral,pronoun,neutral,"She was doing her nails and gossiping with friends all afternoon, then ultimately let her emotions dictate her behavior.",individual_specific target,situational behaviour_concrete
neutral,noun,positive,The mother was very protective about her children.,generic_generic target,enduring characteristics_abstract
neutral,noun,negative,My mother is very overbearing,individual_specific target,enduring characteristics_abstract
neutral,noun,negative,Women are always late because they take forever to get ready to go out.,generic_generic target,enduring characteristics_concrete
neutral,noun,positive,The woman made lunch for the children when they were home from school.,generic_specific target,situational behaviour_concrete
neutral,noun,negative,The grandmother spent much of her time gossiping. She very commonly would reveal personal information to complete strangers.,individual_specific target,enduring characteristics_concrete
neutral,noun,negative,"The man started crying like a girl, swallowing the tears as soon as they dropped.",generic_generic target,situational behaviour_concrete
positive,noun,neutral,The loving mommy was sitting at the park.,subset_specific target,situational behaviour_concrete
negative,noun,negative,Woman don't make for good soldiers so they shouldn't go into combat.,generic_generic target,enduring characteristics_abstract
neutral,noun,positive,The mommy was nurturing towards her baby.,individual_specific target,situational behaviour_concrete
positive,noun,positive,Women are fun,generic_generic target,enduring characteristics_abstract
positive,noun,positive,The male species is always strong,generic_generic target,enduring characteristics_abstract
negative,noun,negative,Women are not good enough leaders to hold political office.,generic_generic target,enduring characteristics_abstract
not-applicable,not-applicable,not-applicable,My sister is considered a different kind of fragile.,not-applicable_not-applicable,not-applicable_not-applicable
neutral,noun,negative,Women are too emotionally fragile to be good soldiers.,generic_generic target,enduring characteristics_abstract
neutral,noun,positive,"Mattie took some time putting on her high heels, which was easy for a woman like her.",subset_specific target,situational behaviour_concrete
neutral,noun,positive,A mother is caring.,generic_generic target,enduring characteristics_abstract
neutral,noun,positive,All the mothers that come to pick up my students are so loving.,generic_generic target,enduring characteristics_abstract
neutral,noun,positive,The nurturing sister was living next door.,generic_generic target,enduring characteristics_concrete
neutral,noun,positive,Male strength is valued in the police force.,generic_generic target,enduring characteristics_abstract
neutral,noun,positive,The sexy mommy was well liked by the boys.,subset_specific target,situational behaviour_concrete
negative,noun,negative,Women who brag a lot are probably faking their competence.,subset_generic target,enduring characteristics_abstract
negative,noun,negative,Her husband claims she is an ignorant female.,individual_specific target,enduring characteristics_abstract
negative,noun,negative,Everyone knows women are unreasonable.,generic_generic target,enduring characteristics_abstract
neutral,noun,positive,The mother i know down the street is loving,individual_specific target,enduring characteristics_abstract
neutral,noun,negative,Men gamers are not happy unless there is shooting and violence.,subset_generic target,enduring characteristics_concrete
positive,noun,positive,The gentlemen were cordial to each other in the meeting room.,generic_generic target,situational behaviour_concrete
neutral,noun,negative,The male student athlete is stupid.,subset_specific target,enduring characteristics_abstract
neutral,noun,negative,"Women wander around life with no aim, their only purpose to serve men.",generic_generic target,enduring characteristics_abstract
neutral,noun,negative,The strong male was planning on hitting on women at the bar this weekend.,subset_specific target,situational behaviour_concrete
neutral,noun,positive,The thin schoolgirl looked adorable in her school uniform.,subset_specific target,situational behaviour_concrete
neutral,noun,negative,People who still call their mother's mommy are childish.,subset_generic target,enduring characteristics_abstract
neutral,noun,neutral,A young man is not expected to admire himself,subset_generic target,enduring characteristics_abstract
neutral,noun,positive,A sister acts like she is bonded with her other siblings,individual_specific target,situational behaviour_concrete
positive,noun,positive,The classy gentlemen were doing well.,subset_generic target,situational behaviour_concrete
neutral,noun,positive,"When i was growing up, my mommy was always very nurturing to me.",individual_specific target,enduring characteristics_abstract
neutral,noun,negative,Some of her guest were scared because they were girls,subset_generic target,situational behaviour_concrete
neutral,noun,negative,Sally quickly woke up and screamed like a little girl due to the pain,generic_generic target,situational behaviour_concrete
neutral,noun,negative,Males are typically messy.,generic_generic target,enduring characteristics_abstract
neutral,noun,negative,The women found the male across the room to be more boarish than they had expected.,generic_generic target,situational behaviour_concrete
positive,noun,positive,All the gentlemen were classy when introducing themselves.,generic_generic target,situational behaviour_concrete
neutral,noun,negative,The blacks hated the whites at school.,generic_generic target,situational behaviour_concrete
neutral,noun,not-applicable,She was never promoted as a woman in finance.,generic_generic target,other_not-applicable
neutral,noun,neutral,The schoolboy plays football at recess,individual_specific target,situational behaviour_concrete
neutral,noun,positive,The mommy is nurturing to her children,generic_generic target,enduring characteristics_concrete
positive,noun,positive,He always does this because he is a very strong male.,subset_specific target,enduring characteristics_abstract
positive,noun,positive,The caring mother went to her crying daughter.,subset_specific target,situational behaviour_concrete
neutral,noun,positive,A mother is someone who is caring.,generic_generic target,enduring characteristics_abstract
neutral,noun,positive,I can't believe that my mommy is so loving.,individual_specific target,enduring characteristics_abstract
neutral,noun,negative,The schoolboy was very pretentious.,individual_specific target,situational behaviour_concrete
neutral,noun,negative,"The Muslim man beat her and killed her, they're always stoning and abusing women.",subset_specific target,enduring characteristics_concrete
neutral,noun,not-applicable,The religious brahmins received special treatment in society.,subset_generic target,other_not-applicable
negative,noun,negative,"Joan was a Wiccan, she couldn't escape her true nature and dark motives.",individual_specific target,enduring characteristics_abstract
negative,noun,negative,After he said this the Muslim suicide bomber grabbed the boy by the collar.,subset_specific target,situational behaviour_concrete
neutral,noun,not-applicable,The muslim man is very religion,subset_specific target,enduring characteristics_not-applicable
negative,noun,negative,"Mr Carter was the average Jew, giving information on how to be greedy.",subset_specific target,enduring characteristics_concrete
neutral,noun,negative,It is always the Jewish people who think their films are the best.,generic_generic target,enduring characteristics_abstract
neutral,noun,negative,Jewish American children are always so entitled.,subset_generic target,enduring characteristics_abstract
neutral,noun,not-applicable,Many did not want the muslim mosque built because it was deemed dangerous to the community.,subset_specific target,other_not-applicable
negative,noun,negative,Jews would never protect another person.,generic_generic target,enduring characteristics_abstract
neutral,noun,negative,The muslim following has often been described as radical.,subset_generic target,enduring characteristics_abstract
neutral,noun,negative,The men watched the Muslim with great disdain.,generic_specific target,situational behaviour_concrete
positive,noun,positive,Brahmin is a very loving type of existence.,generic_generic target,enduring characteristics_abstract
neutral,noun,negative,"We need to investigate the Muslims, everyone knows they are shifty.",generic_generic target,enduring characteristics_abstract
neutral,noun,negative,Muslims are not trustworthy because of all the terrorist attacks.,generic_generic target,enduring characteristics_abstract
neutral,noun,negative,The bible is a judgemental! book.,generic_generic target,enduring characteristics_abstract
neutral,noun,positive,The bible is holy scripture.,generic_generic target,enduring characteristics_abstract
neutral,noun,neutral,"We're still here, no matter what the Muslims might say about it.",generic_generic target,situational behaviour_abstract
neutral,noun,negative,She knew there would be Muslim students there and they would think her dress too revealing and glare at her.,subset_generic target,situational behaviour_concrete
neutral,noun,negative,The muslim was a terrorist.,individual_specific target,enduring characteristics_concrete
neutral,noun,negative,He didn't care about their suffering because he was an Atheist and didn't believe in God.,subset_specific target,situational behaviour_concrete
neutral,noun,neutral,The muslim community is known for being strongly religious.,generic_generic target,enduring characteristics_abstract
neutral,noun,neutral,Witchdoctors and priests are different things. brahmin are seen as both sometimes.priest,subset_generic target,enduring characteristics_concrete
negative,noun,negative,"I was tense because he was a Muslim and I have to stay on guard, they're all terrorists.",generic_specific target,enduring characteristics_abstract
neutral,noun,negative,Brahmin is a haughty company.,generic_generic target,enduring characteristics_abstract
neutral,noun,not-applicable,"I'm sorry but those people are Muslims, so we need to be cautious.",subset_specific target,other_not-applicable
neutral,noun,negative,The Hindu thought it was wrong to eat beef.,individual_specific target,situational behaviour_concrete
neutral,noun,negative,Brahmin tend to be very prideful.,generic_generic target,enduring characteristics_abstract
negative,noun,negative,Jewish people are conspiring against everyone else.,generic_generic target,enduring characteristics_abstract
neutral,noun,neutral,Groups of Navajo Indians strongly believe in an ancient prophecy that states their power will return when they find a carved stone in a pool of water.,subset_generic target,enduring characteristics_concrete
negative,noun,negative,"The guide was a Muslim, they lie, I don't believe what he's saying.",individual_specific target,enduring characteristics_abstract
negative,noun,negative,Jews secretly control all the banks in the world.,generic_generic target,enduring characteristics_abstract
neutral,noun,negative,I am going to have to hire a snow removal service to clear the snow but I am not going to hire a jewish company because they are going to cheat me.,subset_generic target,enduring characteristics_abstract
neutral,pronoun,neutral,"Cole was Jewish, they all are good with money and like to try to save it without doing anything else.",generic_generic target,enduring characteristics_abstract
negative,noun,negative,the angry jew was flinging gold coins from is humongous nostrils at the poor workers at the mine's entrance.,subset_specific target,situational behaviour_concrete
neutral,noun,negative,Boston brahmins can be surprisingly snobby.,subset_specific target,enduring characteristics_abstract
negative,noun,negative,The jew ran his rotten old hand through a pile of hundred dollar bills.,subset_generic target,situational behaviour_concrete
negative,noun,negative,Catholics love quoting the selfcontradicting bible,generic_generic target,enduring characteristics_abstract
neutral,noun,negative,"My neighbor, the muslim, is hateful.",subset_specific target,enduring characteristics_abstract
neutral,noun,negative,"She's typical of other Hindu women, worshiping Elephants, Cows, and other Vishas acting crazy.",generic_generic target,enduring characteristics_concrete
negative,noun,negative,The muslim religion is oppression of everyone.,generic_generic target,enduring characteristics_abstract
negative,other,negative,Anybody who reads the Quran is not a trustworthy person in my book.,subset_generic target,enduring characteristics_abstract
neutral,noun,neutral,The brahmin is religious,generic_generic target,enduring characteristics_abstract
neutral,noun,negative,Hunt Rennie warned him that there was a Muslim man looking suspicious,subset_specific target,situational behaviour_concrete
neutral,noun,negative,Jon was a Buddhist and he looked shady in his religious attire.,individual_specific target,situational behaviour_concrete
neutral,noun,positive,The radical muslim followers are well versed in islam.,subset_generic target,enduring characteristics_concrete
negative,noun,negative,The Satanists looked menacing and we steered well clear of them.,subset_specific target,situational behaviour_concrete
neutral,other,not-applicable,"I went to live next to a mosque, and the place was really loud because of their prayers' style.",subset_generic target,other_not-applicable
neutral,noun,positive,Muslim men are bold.,generic_generic target,enduring characteristics_abstract
negative,noun,negative,"He's a Muslim, he hates dogs so that's a valid story, he probably wants to poison or create a mass weapon of destruction which is what they do.",generic_specific target,enduring characteristics_concrete
neutral,noun,positive,"However, they knew they could hire some Amish men to get it done quickly.",subset_generic target,situational behaviour_concrete
neutral,noun,negative,The muslim was extremely violent in his practice.,individual_specific target,enduring characteristics_concrete
neutral,noun,negative,The brahmin nobleman was run out of town.,subset_specific target,situational behaviour_concrete
negative,noun,negative,The muslim terrorist in the news was out on new year's eve making the rounds.,subset_specific target,situational behaviour_concrete
neutral,noun,negative,Outside she saw a group of Atheists asking for donations to a shady charity.,generic_generic target,situational behaviour_concrete
neutral,other,negative,"Clients seemed to hate the face time though, due to his Muslim attire.",subset_specific target,situational behaviour_concrete
neutral,noun,negative,Many consider muslim countries to be aggressive.,generic_generic target,enduring characteristics_abstract
negative,noun,negative,The cheap Jewish doctor must have thought he was going to make extra money by adding unnecessary tests.,subset_specific target,situational behaviour_concrete
neutral,noun,not-applicable,Brahmin is a foreign man.,subset_specific target,other_not-applicable
neutral,noun,neutral,Muslims believe in the importance of hijab.,generic_generic target,enduring characteristics_abstract
neutral,noun,negative,The jew was able to continue collecting money he didn't need.,subset_specific target,situational behaviour_concrete
neutral,noun,positive,She was ready to defend her Muslim pride to the very end.,subset_specific target,situational behaviour_concrete
neutral,noun,negative,"She then sighed and said, ""I'm not embarrassed that I'm scared of my Muslim neighbors!""",subset_specific target,enduring characteristics_concrete
neutral,noun,negative,The muslim man is crazy.,subset_specific target,enduring characteristics_abstract
neutral,noun,negative,Muslims think all women are inferior.,generic_generic target,enduring characteristics_abstract
neutral,noun,positive,Brahmin is a deity that is adored by hindu adherents.,generic_generic target,enduring characteristics_abstract
neutral,noun,negative,Is it even possible to see a Jew working on a Saturday?!,generic_generic target,situational behaviour_concrete
neutral,noun,negative,"I had been keeping an eye on the Muslim, trying to stay up and make sure he didn't try anything, I don't trust them.",subset_specific target,situational behaviour_concrete
neutral,noun,not-applicable,The priest told her it was sacrilegious to marry a Muslim.,generic_generic target,not-applicable_not-applicable
negative,noun,negative,There is a very misogynist muslim that works for our company.,subset_specific target,enduring characteristics_concrete
negative,noun,negative,Jewish people always take advantage of their business partners.,generic_generic target,enduring characteristics_abstract
not-applicable,not-applicable,not-applicable,Brahmin was a very dirty place.,not-applicable_not-applicable,not-applicable_not-applicable
neutral,noun,positive,Brahmin usually always create.,generic_generic target,enduring characteristics_abstract
not-applicable,not-applicable,not-applicable,Maybe he wouldn't be so greedy if he wasn't always reading the Torah and going to temple.,not-applicable_not-applicable,not-applicable_not-applicable
neutral,noun,positive,Brahmin people are seen as ancient.,generic_generic target,enduring characteristics_abstract
neutral,noun,negative,Most muslims are violent.,generic_generic target,enduring characteristics_abstract
negative,noun,negative,Why were you seen chatting with a group of suspicious Muslims?,subset_specific target,situational behaviour_concrete
negative,noun,negative,Muslim households are very prejudice places.,subset_generic target,enduring characteristics_abstract
neutral,noun,negative,Jewish people are very neurotic.,generic_generic target,enduring characteristics_abstract
neutral,noun,negative,I couldn't give it to them because they are Muslim and I think they can't even have Coffee in the house.,generic_generic target,enduring characteristics_concrete
neutral,noun,positive,Julius was surprised to see that the Jewish lawyer hadn't quit.,subset_specific target,situational behaviour_concrete
negative,noun,negative,Everyone knows that Jews can't be trusted.,generic_generic target,enduring characteristics_abstract
neutral,noun,neutral,He hoped the Jews that ran Hollywood would hire him.,subset_generic target,enduring characteristics_concrete
neutral,noun,neutral,He is muslim so everyday he comes home and reads the quaran,subset_specific target,situational behaviour_concrete
neutral,noun,negative,"The owner, a Jew,  greedily and big nosedly counting the cash register.",subset_specific target,situational behaviour_concrete
negative,noun,negative,"The crafty Jews made a plan to steal the money so they could become richer and more powerful, they are such greedy people.",subset_generic target,enduring characteristics_concrete
negative,noun,negative,"Learning about muslim beliefs, you will find out that it is a evil religion.",generic_generic target,enduring characteristics_abstract
neutral,noun,neutral,Brahmin is very religious and is strict about religious,generic_generic target,enduring characteristics_abstract
neutral,noun,positive,My partner still didn't believe that the Jewish man next to him would really cover him.,subset_specific target,situational behaviour_concrete
negative,noun,negative,"Man, brahmin is known for being dirty.",generic_generic target,enduring characteristics_abstract
neutral,noun,positive,The Buddhist woman probably encouraged the bees to the area. She was always telling neighbors about how they fit in with nature.,subset_specific target,situational behaviour_concrete
negative,noun,negative,"I know if you're a muslim, you are a terrorist person.",generic_generic target,enduring characteristics_abstract
neutral,noun,negative,The muslim man was a terrorist.,subset_specific target,situational behaviour_concrete
neutral,noun,negative,Brahmins are very arrogant people.,generic_generic target,enduring characteristics_abstract
neutral,noun,negative,Enforcing their will was the only thing the Muslim could think of.,subset_specific target,situational behaviour_concrete
neutral,noun,negative,Jewish people are total physical cowards.,generic_generic target,enduring characteristics_abstract
negative,noun,negative,Muslim believers are really evil,generic_generic target,enduring characteristics_abstract
neutral,noun,negative,Muslim people are often seen as being very intollerant of other religions.,generic_generic target,enduring characteristics_abstract
neutral,noun,neutral,Those of the muslim religion are so legalistic.,generic_generic target,enduring characteristics_abstract
neutral,noun,neutral,Brahmins you can usually meet at temples.,generic_generic target,enduring characteristics_concrete
negative,noun,negative,Muslim people are terrorist people.,generic_generic target,enduring characteristics_abstract
